timestamp,open,high,low,close,volume,trades
2020-01-01T00:00:00.000Z,131.25,133.35,127.4,128.5,151660983,72101
2020-01-02T00:00:00.000Z,128.5,132.85,128.05,130.35,102309549,60047
2020-01-03T00:00:00.000Z,130.35,130.35,126,126.8,108582421,59842
2020-01-04T00:00:00.000Z,126.8,135.15,125.55,134.25,194342032,94680
2020-01-05T00:00:00.000Z,134.25,136,132.45,134.25,99797019,49954
2020-01-06T00:00:00.000Z,134.25,138.65,134.15,135.4,140150336,71691
2020-01-07T00:00:00.000Z,135.4,144.7,134.8,144.2,188536917,95169
2020-01-08T00:00:00.000Z,144.2,145.45,138.8,142.85,161907782,86334
2020-01-09T00:00:00.000Z,142.85,148.15,136.45,140.55,179997661,104200
2020-01-10T00:00:00.000Z,140.55,141.45,135.25,137.8,126627468,70222
2020-01-11T00:00:00.000Z,137.8,145.45,135.3,144.95,147784298,84660
2020-01-12T00:00:00.000Z,144.95,148.35,142.2,142.55,138233052,76902
2020-01-13T00:00:00.000Z,142.55,146.8,141.9,146.75,108936306,55183
2020-01-14T00:00:00.000Z,146.75,147.35,142.05,143.65,103624889,48494
2020-01-15T00:00:00.000Z,143.65,170.75,143.65,166.1,407677673,179620
2020-01-16T00:00:00.000Z,166.1,172.65,159.2,166.55,332238458,140188
2020-01-17T00:00:00.000Z,166.55,167.75,158.2,164.2,198472854,98851
2020-01-18T00:00:00.000Z,164.2,174.5,162.3,169.65,287814765,150602
2020-01-19T00:00:00.000Z,169.65,179.3,165.1,174.45,277883376,151684
2020-01-20T00:00:00.000Z,174.45,178.3,161.5,167,230149247,127374
2020-01-21T00:00:00.000Z,167,169.15,160.5,166.6,147982045,74959
2020-01-22T00:00:00.000Z,166.6,172.1,160.55,169.3,128724360,69237
2020-01-23T00:00:00.000Z,169.3,171.35,165.75,167.8,88217124,53860
2020-01-24T00:00:00.000Z,167.8,167.95,158.85,162.55,158575326,86924
2020-01-25T00:00:00.000Z,162.55,164.45,155.45,162.35,173935310,86337
2020-01-26T00:00:00.000Z,162.35,162.6,157.5,160.25,118027482,64441
2020-01-27T00:00:00.000Z,160.25,167.9,159.25,167.65,125098590,72987
2020-01-28T00:00:00.000Z,167.65,171.85,165,170,167090672,89675
2020-01-29T00:00:00.000Z,170,176.7,170,176.15,174509254,102606
2020-01-30T00:00:00.000Z,176.15,179,173,173.5,138232308,89188
2020-01-31T00:00:00.000Z,173.5,186.95,170.75,184.85,205246603,119993
2020-02-01T00:00:00.000Z,184.85,185.75,175.25,179.8,184969716,97856
2020-02-02T00:00:00.000Z,179.8,184.55,179.05,183.55,123468282,72264
2020-02-03T00:00:00.000Z,183.55,193.5,179.15,188.1,216500673,115876
2020-02-04T00:00:00.000Z,188.1,195.5,186.75,189.7,183211136,106888
2020-02-05T00:00:00.000Z,189.7,191.5,184.65,188.35,158421201,89526
2020-02-06T00:00:00.000Z,188.35,208.25,187.8,204.4,259099540,152901
2020-02-07T00:00:00.000Z,204.4,216.9,201.7,213.2,292498810,175436
2020-02-08T00:00:00.000Z,213.2,224.5,213.2,223.35,252691321,188057
2020-02-09T00:00:00.000Z,223.35,228.55,213.55,223.45,253255299,152906
2020-02-10T00:00:00.000Z,223.45,231.3,223.2,228.95,155126254,113139
2020-02-11T00:00:00.000Z,228.95,229.85,216.65,223.2,224388392,135018
2020-02-12T00:00:00.000Z,223.2,239.9,218.3,238.05,251659167,147203
2020-02-13T00:00:00.000Z,238.05,276.8,238.1,266.6,478280218,262063
2020-02-14T00:00:00.000Z,266.6,279.7,254.4,268.8,483359566,288497
2020-02-15T00:00:00.000Z,268.8,288.4,260.6,286.5,340209266,226481
2020-02-16T00:00:00.000Z,286.5,289.85,261.6,265.05,362848075,247049
2020-02-17T00:00:00.000Z,265.05,274.1,238.3,258.9,424590733,323223
2020-02-18T00:00:00.000Z,258.9,268.8,242.05,268.15,468216685,309106
2020-02-19T00:00:00.000Z,268.15,287,259.75,283.65,420859743,236829
2020-02-20T00:00:00.000Z,283.65,287.45,247.8,258.75,370617273,209652
2020-02-21T00:00:00.000Z,258.75,264.2,245.65,257.6,336010894,194331
2020-02-22T00:00:00.000Z,257.6,268.95,254.6,265.85,187654591,121039
2020-02-23T00:00:00.000Z,265.85,267.7,256.5,262.5,124701873,95683
2020-02-24T00:00:00.000Z,262.5,276.95,261.9,276.05,164812449,112808
2020-02-25T00:00:00.000Z,276.05,278.4,256,265.65,256999866,163197
2020-02-26T00:00:00.000Z,265.65,266.3,245,246.8,318136951,196646
2020-02-27T00:00:00.000Z,246.8,250.2,214.35,224.05,445534535,283213
2020-02-28T00:00:00.000Z,224.05,238.2,209.65,228.15,444995244,265738
2020-02-29T00:00:00.000Z,228.15,234.8,213.15,227.5,365735598,238738
2020-03-01T00:00:00.000Z,227.5,233.6,217.35,217.65,167491797,136478
2020-03-02T00:00:00.000Z,217.65,228.5,212.45,217.75,258040988,177525
2020-03-03T00:00:00.000Z,217.75,234.5,215.95,232,202278226,142231
2020-03-04T00:00:00.000Z,232,233,220.3,223.85,211184550,138611
2020-03-05T00:00:00.000Z,223.85,228.8,220.5,224.75,153417310,109544
2020-03-06T00:00:00.000Z,224.75,234.8,224.7,228.6,192191759,129539
2020-03-07T00:00:00.000Z,228.6,246.35,227.75,245.85,222316102,138972
2020-03-08T00:00:00.000Z,245.85,253,236.55,237.95,237068110,161684
2020-03-09T00:00:00.000Z,237.95,237.9,195.95,199.85,448260724,266021
2020-03-10T00:00:00.000Z,199.85,208.8,190.05,202.8,508437701,313362
2020-03-11T00:00:00.000Z,202.8,207,196,200.85,302174993,177198
2020-03-12T00:00:00.000Z,200.85,203.15,182.1,194.85,293794252,180405
2020-03-13T00:00:00.000Z,194.85,195.55,97.2,105.8,1336548231,447606
2020-03-14T00:00:00.000Z,105.8,176.35,85.9,135.8,729879708,449186
2020-03-15T00:00:00.000Z,135.8,135.95,120.75,122.1,168743035,138325
2020-03-16T00:00:00.000Z,122.1,134.7,120,123.5,170703055,111886
2020-03-17T00:00:00.000Z,123.5,123.9,100.45,111.55,302941075,196911
2020-03-18T00:00:00.000Z,111.55,122.6,109.65,116,176858132,121646
2020-03-19T00:00:00.000Z,116,119.85,110.2,119.05,173485020,111309
2020-03-20T00:00:00.000Z,119.05,144.5,116,137.05,227203341,146583
2020-03-21T00:00:00.000Z,137.05,154.4,113.9,133.5,325353574,213113
2020-03-22T00:00:00.000Z,133.5,138.15,125.7,133,176629091,132765
2020-03-23T00:00:00.000Z,133,137.75,121,122.6,163345043,120422
2020-03-24T00:00:00.000Z,122.6,139.4,116.05,136.75,192991581,131027
2020-03-25T00:00:00.000Z,136.75,144.5,133.4,139.1,154029249,109835
2020-03-26T00:00:00.000Z,139.1,143.4,132.55,136.35,128073590,93914
2020-03-27T00:00:00.000Z,136.35,140.75,133,139.2,101598088,72122
2020-03-28T00:00:00.000Z,139.2,147,128.8,131.15,121900860,71960
2020-03-29T00:00:00.000Z,131.15,133.95,124.75,131.3,164773738,97872
2020-03-30T00:00:00.000Z,131.3,132.25,123.65,124.35,92098166,60675
2020-03-31T00:00:00.000Z,124.35,135.75,123.95,132.45,115886008,76002
2020-04-01T00:00:00.000Z,132.45,136.1,130.35,133.25,101777935,63801
2020-04-02T00:00:00.000Z,133.25,137.7,127.5,136.45,137495748,77811
2020-04-03T00:00:00.000Z,136.45,150.65,135.85,141.55,159883549,104662
2020-04-04T00:00:00.000Z,141.55,147.3,137.5,141.4,121493682,85249
2020-04-05T00:00:00.000Z,141.4,147.15,139.1,144.7,92816541,75434
2020-04-06T00:00:00.000Z,144.7,146.45,140.9,142.9,69990186,53964
2020-04-07T00:00:00.000Z,142.9,172.4,142.85,171.55,222155430,167059
2020-04-08T00:00:00.000Z,171.55,177,162.2,164.9,208395364,154935
2020-04-09T00:00:00.000Z,164.9,175.4,163.8,173.55,141225609,112096
2020-04-10T00:00:00.000Z,173.55,175.55,164.45,170.05,138686835,99710
2020-04-11T00:00:00.000Z,170.05,170.45,152.15,158.25,168679583,123897
2020-04-12T00:00:00.000Z,158.25,161.75,154.15,158.75,92852268,80018
2020-04-13T00:00:00.000Z,158.75,165.95,155.35,158.8,115994297,92744
2020-04-14T00:00:00.000Z,158.8,160.05,148.75,157.15,161748379,127275
2020-04-15T00:00:00.000Z,157.15,162.5,155,158.65,99051404,79706
2020-04-16T00:00:00.000Z,158.65,161.8,150.85,152.45,123567550,97281
2020-04-17T00:00:00.000Z,152.45,176.4,146.75,172.75,239387062,167839
2020-04-18T00:00:00.000Z,172.75,175.25,168.5,170.9,97996411,79551
2020-04-19T00:00:00.000Z,170.9,190.05,170.75,187.95,176543473,116375
2020-04-20T00:00:00.000Z,187.95,188.6,176.35,180.35,156362889,109479
2020-04-21T00:00:00.000Z,180.35,187.55,166.4,170.6,235212814,155874
2020-04-22T00:00:00.000Z,170.6,175.25,167,171.05,155230010,101988
2020-04-23T00:00:00.000Z,171.05,184.7,170.05,183.25,145542663,101245
2020-04-24T00:00:00.000Z,183.25,195.7,178.2,185.75,232967463,144174
2020-04-25T00:00:00.000Z,185.75,190.15,184.55,187.9,108601142,85248
2020-04-26T00:00:00.000Z,187.9,198.85,186.2,194.4,152714706,112175
2020-04-27T00:00:00.000Z,194.4,200.5,192.5,198.2,139844916,97379
2020-04-28T00:00:00.000Z,198.2,199.95,189.65,197,152877446,107375
2020-04-29T00:00:00.000Z,197,198.85,192.55,196.9,120157244,88897
2020-04-30T00:00:00.000Z,196.9,219.8,196.95,215.7,239160138,157061
2020-05-01T00:00:00.000Z,215.7,227.6,202,206.55,242588330,167757
2020-05-02T00:00:00.000Z,206.55,217.8,206.35,212.15,110763847,98351
2020-05-03T00:00:00.000Z,212.15,216.1,210.5,214.4,80446320,67033
2020-05-04T00:00:00.000Z,214.4,219.85,203.55,210.2,118816394,96904
2020-05-05T00:00:00.000Z,210.2,211,195.1,207.25,159456856,111116
2020-05-06T00:00:00.000Z,207.25,212.65,201.2,205.6,112824781,78834
2020-05-07T00:00:00.000Z,205.6,211.75,196.55,198.7,147196698,101077
2020-05-08T00:00:00.000Z,198.7,216.45,196.2,212.95,186282843,125795
2020-05-09T00:00:00.000Z,212.95,217.65,207.1,211.85,119128311,86475
2020-05-10T00:00:00.000Z,211.85,215.1,208.2,210.5,91484421,63031
2020-05-11T00:00:00.000Z,210.5,210.5,176,188,219994522,153384
2020-05-12T00:00:00.000Z,188,193.75,176.1,186.05,118384780,103225
2020-05-13T00:00:00.000Z,186.05,192.75,186.05,190.2,67855473,64249
2020-05-14T00:00:00.000Z,190.2,201.45,188.5,200.15,100411459,76999
2020-05-15T00:00:00.000Z,200.15,206.7,195.75,203.55,137370778,98873
2020-05-16T00:00:00.000Z,203.55,204.45,191.4,194.75,94928735,84131
2020-05-17T00:00:00.000Z,194.75,204.25,193.15,200.5,83038872,79271
2020-05-18T00:00:00.000Z,200.5,210.4,199.55,207.25,84493799,71559
2020-05-19T00:00:00.000Z,207.25,217.4,207.2,214.95,106595535,91266
2020-05-20T00:00:00.000Z,214.95,216.35,209.6,215.25,71333115,67979
2020-05-21T00:00:00.000Z,215.25,217.05,205.35,209.9,89073646,78155
2020-05-22T00:00:00.000Z,209.9,211.6,191.75,198.6,113492313,98900
2020-05-23T00:00:00.000Z,198.6,209.45,196.45,207.6,83695098,79253
2020-05-24T00:00:00.000Z,207.6,211.5,204.2,206.85,65940093,62798
2020-05-25T00:00:00.000Z,206.85,211.35,199.55,199.55,101083705,96549
2020-05-26T00:00:00.000Z,199.55,205.85,197.65,204.25,69816333,71516
2020-05-27T00:00:00.000Z,204.25,205.2,196.25,201.2,76175560,70994
2020-05-28T00:00:00.000Z,201.2,208.95,201.15,208.6,81407394,64993
2020-05-29T00:00:00.000Z,208.6,221.15,204.55,220.9,107344136,85615
2020-05-30T00:00:00.000Z,220.9,225.5,217.45,220.6,87238147,80907
2020-05-31T00:00:00.000Z,220.6,248,218.9,244,144001854,136708
2020-06-01T00:00:00.000Z,244,245.25,229.95,231.7,106723674,114146
2020-06-02T00:00:00.000Z,231.7,252.95,230.6,249.75,108153697,127004
2020-06-03T00:00:00.000Z,249.75,254,224.45,237.8,134710047,117831
2020-06-04T00:00:00.000Z,237.8,245.3,233.4,244.6,66766452,71775
2020-06-05T00:00:00.000Z,244.6,249.9,236.1,243.55,93981887,96500
2020-06-06T00:00:00.000Z,243.55,248.5,238.7,240.05,78528144,71582
2020-06-07T00:00:00.000Z,240.05,244.75,237.75,242.3,59008595,55094
2020-06-08T00:00:00.000Z,242.3,245.95,234.45,245.25,101375353,79707
2020-06-09T00:00:00.000Z,245.25,248.55,240.6,247.15,72469822,53890
2020-06-10T00:00:00.000Z,247.15,250.55,226.35,244.2,84300704,63911
2020-06-11T00:00:00.000Z,244.2,251.55,233.95,248.4,83977990,64565
2020-06-12T00:00:00.000Z,248.4,250.9,225.55,230.05,143726682,105406
2020-06-13T00:00:00.000Z,230.05,239.5,228.2,237.7,71886225,51759
2020-06-14T00:00:00.000Z,237.7,239.75,234.65,238.45,48629284,36228
2020-06-15T00:00:00.000Z,238.45,238.75,230.1,231.85,61119289,43636
2020-06-16T00:00:00.000Z,231.85,234,218.05,231.2,121272768,94323
2020-06-17T00:00:00.000Z,231.2,236.2,229.1,235.55,54796581,48177
2020-06-18T00:00:00.000Z,235.55,237.95,227.5,233.75,72422205,55639
2020-06-19T00:00:00.000Z,233.75,234.75,227.55,231.5,57258728,45140
2020-06-20T00:00:00.000Z,231.5,232.25,226,228.85,57165283,48396
2020-06-21T00:00:00.000Z,228.85,230.65,225,229.05,48719622,39105
2020-06-22T00:00:00.000Z,229.05,232.1,226.15,227.7,43333878,34910
2020-06-23T00:00:00.000Z,227.7,247.25,227.2,243.3,98342716,74498
2020-06-24T00:00:00.000Z,243.3,245.2,240.85,243.35,50248541,42673
2020-06-25T00:00:00.000Z,243.35,249.3,230.5,234.4,106692198,78406
2020-06-26T00:00:00.000Z,234.4,235.35,227.5,232.55,66658616,52010
2020-06-27T00:00:00.000Z,232.55,233.45,227.55,229.4,62657897,50241
2020-06-28T00:00:00.000Z,229.4,231.35,216,220.95,82741305,64363
2020-06-29T00:00:00.000Z,220.95,227.75,217.8,225.05,61373821,51114
2020-06-30T00:00:00.000Z,225.05,230.3,220.95,228,62393299,55312
2020-07-01T00:00:00.000Z,228,228.9,222.8,225.55,44550062,38589
2020-07-02T00:00:00.000Z,225.55,233.25,224.05,231.3,65798215,49468
2020-07-03T00:00:00.000Z,231.3,232.15,222.5,226.55,81190727,60792
2020-07-04T00:00:00.000Z,226.55,228.4,224.1,224.85,48040469,39434
2020-07-05T00:00:00.000Z,224.85,230.9,224.2,229.6,46963314,36263
2020-07-06T00:00:00.000Z,229.6,230.5,223.35,228.15,61987393,45801
2020-07-07T00:00:00.000Z,228.15,242.55,227.45,241.75,97593363,72600
2020-07-08T00:00:00.000Z,241.75,244.05,234.85,239.55,76175450,52182
2020-07-09T00:00:00.000Z,239.55,249.15,238.25,247.45,103332465,73603
2020-07-10T00:00:00.000Z,247.45,247.9,238.3,241.95,84193218,60155
2020-07-11T00:00:00.000Z,241.95,242.2,236.1,241.4,60781414,47447
2020-07-12T00:00:00.000Z,241.4,241.9,237.25,239.15,44239016,33297
2020-07-13T00:00:00.000Z,239.15,244.45,236.35,242.95,83204537,57732
2020-07-14T00:00:00.000Z,242.95,245.8,237.3,239.25,89541705,63088
2020-07-15T00:00:00.000Z,239.25,242.35,236.6,240.65,64311993,45916
2020-07-16T00:00:00.000Z,240.65,241.7,236.65,238.6,64395024,42180
2020-07-17T00:00:00.000Z,238.6,239.5,228.95,233.5,88535990,57486
2020-07-18T00:00:00.000Z,233.5,234.65,231.8,232.75,53323510,32497
2020-07-19T00:00:00.000Z,232.75,237.3,232.5,235.9,77348512,37366
2020-07-20T00:00:00.000Z,235.9,240.25,233.1,239.5,97952857,42523
2020-07-21T00:00:00.000Z,239.5,240.2,234.05,236.05,75454882,43369
2020-07-22T00:00:00.000Z,236.05,247.15,235.7,245.9,96235196,60718
2020-07-23T00:00:00.000Z,245.9,271.4,241.5,264.75,136706459,81486
2020-07-24T00:00:00.000Z,264.75,280.85,260.5,275.6,165929820,125097
2020-07-25T00:00:00.000Z,275.6,287.85,269,280,154031071,126164
2020-07-26T00:00:00.000Z,280,309.95,280,306.05,215605610,165116
2020-07-27T00:00:00.000Z,306.05,322.2,301.2,311.75,225257585,176079
2020-07-28T00:00:00.000Z,311.75,335.85,300,322.8,273405827,227944
2020-07-29T00:00:00.000Z,322.8,327.9,306.5,317.8,137891247,128379
2020-07-30T00:00:00.000Z,317.8,326.15,313.35,318.5,88891220,91393
2020-07-31T00:00:00.000Z,318.5,344.3,314.35,335.9,125810633,104278
2020-08-01T00:00:00.000Z,335.9,350,329.05,347.3,139996891,126026
2020-08-02T00:00:00.000Z,347.3,395,343.9,388.2,165695082,157205
2020-08-03T00:00:00.000Z,388.2,418.2,327.2,373,260998023,229155
2020-08-04T00:00:00.000Z,373,399.2,367.05,386.5,147062841,138288
2020-08-05T00:00:00.000Z,386.5,404.35,380.7,390.2,156425871,134834
2020-08-06T00:00:00.000Z,390.2,408.7,381.6,401.65,126001941,120456
2020-08-07T00:00:00.000Z,401.65,404.35,388.5,395.25,85853300,87647
2020-08-08T00:00:00.000Z,395.25,399,362,379.95,137073587,136606
2020-08-09T00:00:00.000Z,379.95,398.05,376.5,397.65,73934191,91994
2020-08-10T00:00:00.000Z,397.65,401.2,384.4,390.7,72424760,91456
2020-08-11T00:00:00.000Z,390.7,402.95,383.2,396.2,103482364,106685
2020-08-12T00:00:00.000Z,396.2,398.9,367.1,378.85,134549630,135083
2020-08-13T00:00:00.000Z,378.85,390.05,365.55,387.4,84811205,102562
2020-08-14T00:00:00.000Z,387.4,433.7,376.95,426.4,196442463,190094
2020-08-15T00:00:00.000Z,426.4,445.35,419.1,439.15,104451966,138132
2020-08-16T00:00:00.000Z,439.15,444.3,427.3,432.95,92537418,116331
2020-08-17T00:00:00.000Z,432.95,438,413.15,434.8,79664304,122694
2020-08-18T00:00:00.000Z,434.8,449.85,420,432.1,102473500,143907
2020-08-19T00:00:00.000Z,432.1,434.55,413.8,422.85,77988305,102894
2020-08-20T00:00:00.000Z,422.85,427.25,391.8,408.3,115256286,152400
2020-08-21T00:00:00.000Z,408.3,419.95,402.95,416.7,61606319,83698
2020-08-22T00:00:00.000Z,416.7,419.3,384.6,387.8,112414517,133255
2020-08-23T00:00:00.000Z,387.8,397.4,380.05,395.85,60419299,81420
2020-08-24T00:00:00.000Z,395.85,397.5,384.2,391.1,40481216,66786
2020-08-25T00:00:00.000Z,391.1,410.35,388.1,408.15,67442600,90305
2020-08-26T00:00:00.000Z,408.15,409.15,370.2,383.05,120478796,138772
2020-08-27T00:00:00.000Z,383.05,393.95,377.05,386.1,69818724,97720
2020-08-28T00:00:00.000Z,386.1,397.45,371.8,383.95,96796613,134619
2020-08-29T00:00:00.000Z,383.95,398.5,380.15,395.55,60785387,87410
2020-08-30T00:00:00.000Z,395.55,406.2,392.55,398.9,54638134,76988
2020-08-31T00:00:00.000Z,398.9,430.55,398.55,429.5,77870585,109438
2020-09-01T00:00:00.000Z,429.5,440.2,418.8,434.25,104267517,122608
2020-09-02T00:00:00.000Z,434.25,490.6,430.05,476.45,159521225,195919
2020-09-03T00:00:00.000Z,476.45,482.1,417.5,440.3,180312960,199860
2020-09-04T00:00:00.000Z,440.3,451.5,370,381.6,197445457,228637
2020-09-05T00:00:00.000Z,381.6,401,354.3,386.1,130191238,164806
2020-09-06T00:00:00.000Z,386.1,395.2,309,335.25,194542484,259268
2020-09-07T00:00:00.000Z,335.25,360.6,317,353.05,127778939,175332
2020-09-08T00:00:00.000Z,353.05,358.45,323.8,354,125453791,148161
2020-09-09T00:00:00.000Z,354,356.8,325.15,337.6,114676929,131428
2020-09-10T00:00:00.000Z,337.6,359.8,331.1,351.5,69558088,95502
2020-09-11T00:00:00.000Z,351.5,378,350.6,368.4,92032790,120213
2020-09-12T00:00:00.000Z,368.4,376.2,356.5,374.45,70855462,89406
2020-09-13T00:00:00.000Z,374.45,389.05,365.1,388.6,65223847,84082
2020-09-14T00:00:00.000Z,388.6,391.8,353.8,366.9,95270947,119961
2020-09-15T00:00:00.000Z,366.9,385.5,356.25,377.7,82873259,116212
2020-09-16T00:00:00.000Z,377.7,382.8,362.75,364.6,76495224,101822
2020-09-17T00:00:00.000Z,364.6,374.3,355.35,365.25,65791678,94034
2020-09-18T00:00:00.000Z,365.25,394.9,363.05,389.95,91403369,128008
2020-09-19T00:00:00.000Z,389.95,392.8,375.5,384.8,53869390,74791
2020-09-20T00:00:00.000Z,384.8,389.45,377.4,385.9,41655309,61082
2020-09-21T00:00:00.000Z,385.9,385.9,365.05,371.05,56213104,79788
2020-09-22T00:00:00.000Z,371.05,377.2,330.9,340.25,112578738,142840
2020-09-23T00:00:00.000Z,340.25,347.05,335.65,344.45,62967290,91977
2020-09-24T00:00:00.000Z,344.45,344.7,313,320.6,78719394,110082
2020-09-25T00:00:00.000Z,320.6,353.95,316.6,349.5,94007567,123250
2020-09-26T00:00:00.000Z,349.5,358.5,338,352.5,74544311,106512
2020-09-27T00:00:00.000Z,352.5,357.1,346.2,354.25,52038059,80282
2020-09-28T00:00:00.000Z,354.25,363.1,347.4,357.65,62474102,87786
2020-09-29T00:00:00.000Z,357.65,368.9,351.4,353.85,68862731,89831
2020-09-30T00:00:00.000Z,353.85,360.95,349.8,360.25,49868652,73048
2020-10-01T00:00:00.000Z,360.25,362,351.5,360.5,46704738,61959
2020-10-02T00:00:00.000Z,360.5,371.3,345.15,352.65,81604875,101077
2020-10-03T00:00:00.000Z,352.65,354.35,334.65,346.05,61658059,87468
2020-10-04T00:00:00.000Z,346.05,351.6,344.15,346.4,28887477,43726
2020-10-05T00:00:00.000Z,346.4,355.25,343.75,352.7,35328779,57282
2020-10-06T00:00:00.000Z,352.7,356,348.65,353.9,38856527,57211
2020-10-07T00:00:00.000Z,353.9,355.55,336.7,340.55,70980259,100637
2020-10-08T00:00:00.000Z,340.55,343.25,332.9,341.65,49792624,66744
2020-10-09T00:00:00.000Z,341.65,354.45,334.15,351.6,57512356,81657
2020-10-10T00:00:00.000Z,351.6,369.1,347.75,365.65,49466291,67896
2020-10-11T00:00:00.000Z,365.65,378.9,365.55,371.05,53365793,70763
2020-10-12T00:00:00.000Z,371.05,378.4,369.1,374.35,48755974,52561
2020-10-13T00:00:00.000Z,374.35,396.35,365.45,387.35,74609098,86001
2020-10-14T00:00:00.000Z,387.35,388.45,374.5,381.45,57252246,79540
2020-10-15T00:00:00.000Z,381.45,388.15,372.85,378.85,51350139,71031
2020-10-16T00:00:00.000Z,378.85,382.6,370.2,378.35,49368022,69615
2020-10-17T00:00:00.000Z,378.35,380.3,361.25,365.75,63895715,84028
2020-10-18T00:00:00.000Z,365.75,370.75,363.6,368.85,32517920,41923
2020-10-19T00:00:00.000Z,368.85,378.95,367.5,378.75,28825001,35476
2020-10-20T00:00:00.000Z,378.75,384.65,373.15,379.8,47664242,56500
2020-10-21T00:00:00.000Z,379.8,381.2,364.65,369.2,61465615,73210
2020-10-22T00:00:00.000Z,369.2,402.65,368.4,391.85,104754789,120310
2020-10-23T00:00:00.000Z,391.85,422.25,391.65,415.3,91253886,109975
2020-10-24T00:00:00.000Z,415.3,419.6,402.35,410.15,62314937,76404
2020-10-25T00:00:00.000Z,410.15,417.85,407.75,413.05,42666069,62359
2020-10-26T00:00:00.000Z,413.05,418.35,402.5,406.6,44745484,61171
2020-10-27T00:00:00.000Z,406.6,411.3,382.3,392.65,75835720,93569
2020-10-28T00:00:00.000Z,392.65,410.9,390.5,404.05,68503897,81163
2020-10-29T00:00:00.000Z,404.05,409.75,380.3,388.6,75854380,94722
2020-10-30T00:00:00.000Z,388.6,394.2,381.2,387.45,54689134,79437
2020-10-31T00:00:00.000Z,387.45,392.5,373.6,383.05,60919695,81808
2020-11-01T00:00:00.000Z,383.05,394.6,380.95,386.9,40820857,74361
2020-11-02T00:00:00.000Z,386.9,398.5,385,397.4,34896503,62666
2020-11-03T00:00:00.000Z,397.4,404.95,378.6,383.5,61040174,83831
2020-11-04T00:00:00.000Z,383.5,390.85,370.3,388.75,53997692,82542
2020-11-05T00:00:00.000Z,388.75,409.4,376.8,403.9,68696139,89627
2020-11-06T00:00:00.000Z,403.9,420.9,396.05,417.25,84947804,86774
2020-11-07T00:00:00.000Z,417.25,459.15,415.5,456.5,85733587,124355
2020-11-08T00:00:00.000Z,456.5,469.2,425.25,435.7,90836648,145557
2020-11-09T00:00:00.000Z,435.7,461.1,433,455.25,52012398,85742
2020-11-10T00:00:00.000Z,455.25,460,434.4,444.85,81465203,86472
2020-11-11T00:00:00.000Z,444.85,455.5,439.5,450.7,64213297,62938
2020-11-12T00:00:00.000Z,450.7,476.9,449.7,464.2,77047649,94504
2020-11-13T00:00:00.000Z,464.2,470.75,451.05,463.15,70411085,69876
2020-11-14T00:00:00.000Z,463.15,478.6,457,477.1,64441308,65791
2020-11-15T00:00:00.000Z,477.1,478,451.65,461.05,50860545,52598
2020-11-16T00:00:00.000Z,461.05,463.1,440.65,448.45,46151165,47794
2020-11-17T00:00:00.000Z,448.45,466.45,445.8,460.85,58781288,59203
2020-11-18T00:00:00.000Z,460.85,485.55,460.4,483.05,68495559,76616
2020-11-19T00:00:00.000Z,483.05,497,455.95,478.9,91470506,99012
2020-11-20T00:00:00.000Z,478.9,481,465.3,471.4,54719179,59582
2020-11-21T00:00:00.000Z,471.4,514.75,471.15,510.3,82809571,108854
2020-11-22T00:00:00.000Z,510.3,555.4,503.05,554.4,80563276,114275
2020-11-23T00:00:00.000Z,554.4,583.35,511.1,561.8,97275477,156153
2020-11-24T00:00:00.000Z,561.8,611.7,551.3,609.7,101606263,158862
2020-11-25T00:00:00.000Z,609.7,625,588,606.35,83996037,144382
2020-11-26T00:00:00.000Z,606.35,607.15,555.5,570.1,73881481,102783
2020-11-27T00:00:00.000Z,570.1,577.1,480.45,520.05,141629791,199158
2020-11-28T00:00:00.000Z,520.05,530.6,493.8,518.6,46668758,110306
2020-11-29T00:00:00.000Z,518.6,547.75,507.25,538.05,37663734,65034
2020-11-30T00:00:00.000Z,538.05,577.55,531,576.7,33831312,63965
2020-12-01T00:00:00.000Z,576.7,617.5,571.5,617.3,63260137,118436
2020-12-02T00:00:00.000Z,617.3,637.95,558.7,586.1,77359324,147867
2020-12-03T00:00:00.000Z,586.1,605.75,575.35,596.95,40115347,69935
2020-12-04T00:00:00.000Z,596.95,624.85,587,617.1,33785256,68573
2020-12-05T00:00:00.000Z,617.1,620.7,566.35,567.55,40125815,72782
2020-12-06T00:00:00.000Z,567.55,598.4,561.55,597.7,22374995,43396
2020-12-07T00:00:00.000Z,597.7,608.4,583.8,602.45,24353290,45733
2020-12-08T00:00:00.000Z,602.45,603.35,584.25,591.75,22360793,39437
2020-12-09T00:00:00.000Z,591.75,595.5,547,554.95,33853840,66298
2020-12-10T00:00:00.000Z,554.95,578.45,530.45,573.35,37382652,78974
2020-12-11T00:00:00.000Z,573.35,575.45,548.8,559.15,27185495,59054
2020-12-12T00:00:00.000Z,559.15,561,534.9,544.5,36206655,66132
2020-12-13T00:00:00.000Z,544.5,573.8,543.7,568.4,19430261,44223
2020-12-14T00:00:00.000Z,568.4,595.85,563.35,591.4,25011781,52866
2020-12-15T00:00:00.000Z,591.4,591.5,575.05,586.15,22450436,40628
2020-12-16T00:00:00.000Z,586.15,598,578.55,589.6,22527514,46730
2020-12-17T00:00:00.000Z,589.6,641.65,581.45,639.25,39199629,83955
2020-12-18T00:00:00.000Z,639.25,677.8,622.75,644.4,71771489,162282
2020-12-19T00:00:00.000Z,644.4,665.1,631.1,655.65,26452255,65629
2020-12-20T00:00:00.000Z,655.65,672.4,646.25,660.7,21238821,57359
2020-12-21T00:00:00.000Z,660.7,662.8,622.15,638.95,26074496,64852
2020-12-22T00:00:00.000Z,638.95,649,597.05,608.55,34452256,74388
2020-12-23T00:00:00.000Z,608.55,638.2,588.8,637.7,23482827,61347
2020-12-24T00:00:00.000Z,637.7,639.4,547.3,585.7,37245318,91943
2020-12-25T00:00:00.000Z,585.7,615.35,565.5,612.8,23810890,64741
2020-12-26T00:00:00.000Z,612.8,635.65,605.4,627.35,18952229,50735
2020-12-27T00:00:00.000Z,627.35,653.75,615.9,637.9,19571277,60908
2020-12-28T00:00:00.000Z,637.9,717,625.3,684.95,40705553,120549
2020-12-29T00:00:00.000Z,684.95,747.5,682.05,730,33252723,101357
2020-12-30T00:00:00.000Z,730,739.95,690.45,732.5,24354225,79393
2020-12-31T00:00:00.000Z,732.5,759.35,717,753.95,22419591,70599
2021-01-01T00:00:00.000Z,753.95,757.95,722.45,737.35,19848306,73035
2021-01-02T00:00:00.000Z,737.35,751.25,716.05,730.8,15057983,54890
2021-01-03T00:00:00.000Z,730.8,793.85,716.3,775.8,41895514,118406
2021-01-04T00:00:00.000Z,775.8,1022.95,771.25,982.7,52934873,188036
2021-01-05T00:00:00.000Z,982.7,1185.9,887.5,1045.9,61297554,279497
2021-01-06T00:00:00.000Z,1045.9,1138.65,978.1,1106.8,40743050,182866
2021-01-07T00:00:00.000Z,1106.8,1221.5,1061,1216.75,31119779,176708
2021-01-08T00:00:00.000Z,1216.75,1297.75,1148.4,1230.15,36913116,186064
2021-01-09T00:00:00.000Z,1230.15,1285,1067.4,1220.55,30609181,192665
2021-01-10T00:00:00.000Z,1220.55,1317.5,1174,1289.9,13490809,108832
2021-01-11T00:00:00.000Z,1289.9,1357.3,1177.65,1261.9,18927370,152263
2021-01-12T00:00:00.000Z,1261.9,1265.3,916.25,1085.25,41164309,291750
2021-01-13T00:00:00.000Z,1085.25,1154.8,1012.95,1054.05,22021208,182842
2021-01-14T00:00:00.000Z,1054.05,1139.95,988.9,1131.95,17194733,126282
2021-01-15T00:00:00.000Z,1131.95,1250.7,1090.65,1231.65,14415446,103625
2021-01-16T00:00:00.000Z,1231.65,1259.65,1074.9,1168.7,17343779,118078
2021-01-17T00:00:00.000Z,1168.7,1299,1155.4,1230,13491371,98512
2021-01-18T00:00:00.000Z,1230,1274.35,1164.15,1237.45,11290559,88302
2021-01-19T00:00:00.000Z,1237.45,1265.8,1183.65,1263.9,10125641,67638
2021-01-20T00:00:00.000Z,1263.9,1444,1256.8,1371.35,20438168,134032
2021-01-21T00:00:00.000Z,1371.35,1409.55,1234.5,1381,23108436,155309
2021-01-22T00:00:00.000Z,1381,1392.65,1086.7,1110.7,26818557,199976
2021-01-23T00:00:00.000Z,1110.7,1278.75,1040.9,1238.4,17458473,158808
2021-01-24T00:00:00.000Z,1238.4,1274.5,1200.3,1237.15,10560204,85226
2021-01-25T00:00:00.000Z,1237.15,1402.7,1224.35,1395.1,11165405,92542
2021-01-26T00:00:00.000Z,1395.1,1483.5,1294,1318.2,16209909,146116
2021-01-27T00:00:00.000Z,1318.2,1379.7,1246.75,1371.55,15678770,130305
2021-01-28T00:00:00.000Z,1371.55,1378,1207.65,1241.55,17747304,142609
2021-01-29T00:00:00.000Z,1241.55,1365.9,1219,1334.15,10066250,100197
2021-01-30T00:00:00.000Z,1334.15,1448.65,1289,1382.1,17365187,161764
2021-01-31T00:00:00.000Z,1382.1,1410,1326.4,1382.85,7799752,77755
2021-02-01T00:00:00.000Z,1382.85,1384.8,1280.9,1313.65,9729386,71138
2021-02-02T00:00:00.000Z,1313.65,1380,1271.75,1377.4,10644872,75016
2021-02-03T00:00:00.000Z,1377.4,1553.8,1365.45,1518.35,16703183,137312
2021-02-04T00:00:00.000Z,1518.35,1673,1510.15,1667.7,13965364,114449
2021-02-05T00:00:00.000Z,1667.7,1700.8,1561.75,1598.1,14705457,134560
2021-02-06T00:00:00.000Z,1598.1,1769.65,1592.9,1722.05,13598291,116983
2021-02-07T00:00:00.000Z,1722.05,1747.15,1649.35,1683.1,8857300,94800
2021-02-08T00:00:00.000Z,1683.1,1696.25,1494,1614.75,15478162,111179
2021-02-09T00:00:00.000Z,1614.75,1785,1569.55,1759.45,16793616,134793
2021-02-10T00:00:00.000Z,1759.45,1828.3,1712,1772.35,13022262,109945
2021-02-11T00:00:00.000Z,1772.35,1850,1683.05,1746,13074707,134662
2021-02-12T00:00:00.000Z,1746,1832.05,1705.3,1788.9,11327838,95247
2021-02-13T00:00:00.000Z,1788.9,1876.5,1741.95,1851.25,11412762,100077
2021-02-14T00:00:00.000Z,1851.25,1879.2,1756.9,1820,10828314,90912
2021-02-15T00:00:00.000Z,1820,1862.65,1786.05,1806,9216478,75669
2021-02-16T00:00:00.000Z,1806,1839.95,1650.8,1783.35,12410562,101950
2021-02-17T00:00:00.000Z,1783.35,1833.25,1725,1785.25,6786271,74525
2021-02-18T00:00:00.000Z,1785.25,1866.95,1736.9,1852.65,6341774,74139
2021-02-19T00:00:00.000Z,1852.65,1954.55,1852.55,1939.85,6480995,74453
2021-02-20T00:00:00.000Z,1939.85,1980,1893,1959.95,6835794,76270
2021-02-21T00:00:00.000Z,1959.95,2048.25,1798,1914,10958779,115428
2021-02-22T00:00:00.000Z,1914,1981.75,1884.1,1935.35,7161407,76508
2021-02-23T00:00:00.000Z,1935.35,1937.95,1561.95,1779,15045855,155772
2021-02-24T00:00:00.000Z,1779,1783.3,1368.55,1581.2,23424298,249418
2021-02-25T00:00:00.000Z,1581.2,1721.65,1503.1,1628.65,8918318,109190
2021-02-26T00:00:00.000Z,1628.65,1676.65,1460.55,1485.15,8764682,90573
2021-02-27T00:00:00.000Z,1485.15,1566.5,1403.2,1447.85,11428678,102011
2021-02-28T00:00:00.000Z,1447.85,1531.9,1429.3,1461.75,6504754,55354
2021-03-01T00:00:00.000Z,1461.75,1470.45,1295,1423.75,9068306,80992
2021-03-02T00:00:00.000Z,1423.75,1575.55,1416.1,1573.7,7110430,76141
2021-03-03T00:00:00.000Z,1573.7,1607,1457,1488.15,9253365,82533
2021-03-04T00:00:00.000Z,1488.15,1663.8,1478.15,1569.55,6385968,79290
2021-03-05T00:00:00.000Z,1569.55,1623.4,1506.45,1540.1,6182511,77141
2021-03-06T00:00:00.000Z,1540.1,1552.25,1442,1530.8,6860425,66181
2021-03-07T00:00:00.000Z,1530.8,1673.85,1514.7,1652.65,5464821,56948
2021-03-08T00:00:00.000Z,1652.65,1736.15,1633.5,1728.25,4289171,47107
2021-03-09T00:00:00.000Z,1728.25,1847.6,1669.7,1836.9,5890836,61601
2021-03-10T00:00:00.000Z,1836.9,1874.85,1804.25,1874.55,5159457,66941
2021-03-11T00:00:00.000Z,1874.55,1882.85,1760,1798,6161409,77717
2021-03-12T00:00:00.000Z,1798,1853.25,1725.4,1831.35,5309177,72854
2021-03-13T00:00:00.000Z,1831.35,1847.8,1720.4,1768.5,6152753,108234
2021-03-14T00:00:00.000Z,1768.5,1949.3,1728.2,1924.1,6039837,77429
2021-03-15T00:00:00.000Z,1924.1,1932.8,1837.35,1851.45,4213542,72720
2021-03-16T00:00:00.000Z,1851.45,1895,1732.45,1795.3,7485841,83289
2021-03-17T00:00:00.000Z,1795.3,1820,1713.5,1808.35,5645816,64044
2021-03-18T00:00:00.000Z,1808.35,1843,1744,1829.6,4391630,56073
2021-03-19T00:00:00.000Z,1829.6,1854.15,1754.6,1776.5,4726304,62334
2021-03-20T00:00:00.000Z,1776.5,1846,1729.35,1812.85,4888153,60181
2021-03-21T00:00:00.000Z,1812.85,1884.2,1802.45,1806.7,4447528,47997
2021-03-22T00:00:00.000Z,1806.7,1815.7,1746.05,1786.75,3782492,48543
2021-03-23T00:00:00.000Z,1786.75,1810,1655,1682,6358798,59416
2021-03-24T00:00:00.000Z,1682,1722,1653.8,1670.15,4690671,57512
2021-03-25T00:00:00.000Z,1670.15,1742.55,1544.05,1581.85,7970939,77450
2021-03-26T00:00:00.000Z,1581.85,1621.5,1548,1589.85,7362372,71395
2021-03-27T00:00:00.000Z,1589.85,1702.75,1588.75,1701.05,4147750,47202
2021-03-28T00:00:00.000Z,1701.05,1737,1670.9,1717.35,3138651,43724
2021-03-29T00:00:00.000Z,1717.35,1727,1663.5,1688.9,3352653,43108
2021-03-30T00:00:00.000Z,1688.9,1843.35,1679.2,1819.45,5539964,65621
2021-03-31T00:00:00.000Z,1819.45,1863,1787.75,1844.8,4709703,45127
2021-04-01T00:00:00.000Z,1844.8,1953.95,1773,1926.5,6593289,74536
2021-04-02T00:00:00.000Z,1926.5,1989.95,1882.4,1971.95,5559404,71843
2021-04-03T00:00:00.000Z,1971.95,2149.65,1951.7,2138.85,4831729,76851
2021-04-04T00:00:00.000Z,2138.85,2142,2001.4,2013.05,5930011,82873
2021-04-05T00:00:00.000Z,2013.05,2093.3,1981.55,2080.7,3235302,51262
2021-04-06T00:00:00.000Z,2080.7,2140.95,2004,2111.95,4436295,63324
2021-04-07T00:00:00.000Z,2111.95,2163.85,2046.15,2115.2,5417358,84841
2021-04-08T00:00:00.000Z,2115.2,2130.8,1935,1967.25,6826909,118102
2021-04-09T00:00:00.000Z,1967.25,2087.5,1950.2,2084.25,4081631,65894
2021-04-10T00:00:00.000Z,2084.25,2107.1,2052.35,2067.9,3413487,55983
2021-04-11T00:00:00.000Z,2067.9,2217.1,2059,2134.7,5586220,74353
2021-04-12T00:00:00.000Z,2134.7,2166.5,2117,2154.9,2701786,47202
2021-04-13T00:00:00.000Z,2154.9,2209.8,2101.45,2140.5,3630935,61539
2021-04-14T00:00:00.000Z,2140.5,2320.8,2138.35,2307.3,4390162,75252
2021-04-15T00:00:00.000Z,2307.3,2452.25,2285.35,2435.7,6294425,92607
2021-04-16T00:00:00.000Z,2435.7,2551.9,2402.25,2522.45,3711603,69889
2021-04-17T00:00:00.000Z,2522.45,2551.9,2305.45,2429.75,6722337,108821
2021-04-18T00:00:00.000Z,2429.75,2500,2314.95,2323.45,3862135,64494
2021-04-19T00:00:00.000Z,2323.45,2343.7,1954.45,2241.8,10809922,150988
2021-04-20T00:00:00.000Z,2241.8,2285,2084.25,2165.4,5522738,91234
2021-04-21T00:00:00.000Z,2165.4,2352.05,2053.35,2336.4,5910072,101141
2021-04-22T00:00:00.000Z,2336.4,2477.45,2242.5,2363.8,5683930,95225
2021-04-23T00:00:00.000Z,2363.8,2646.9,2311.35,2403.05,9483279,168937
2021-04-24T00:00:00.000Z,2403.05,2444.7,2113,2372.15,10482984,175394
2021-04-25T00:00:00.000Z,2372.15,2373.15,2162.6,2220.05,4406966,88776
2021-04-26T00:00:00.000Z,2220.05,2363,2168.9,2325.6,4930549,85059
2021-04-27T00:00:00.000Z,2325.6,2549.8,2309.5,2538.65,5602547,90224
2021-04-28T00:00:00.000Z,2538.65,2689,2486.7,2674,4331804,71971
2021-04-29T00:00:00.000Z,2674,2772.15,2568.1,2752.75,6987347,116777
2021-04-30T00:00:00.000Z,2752.75,2802.45,2677.55,2761.05,4361862,86204
2021-05-01T00:00:00.000Z,2761.05,2806.75,2731.9,2776.05,2952145,56388
2021-05-02T00:00:00.000Z,2776.05,2959,2757.65,2950.35,2636969,66866
2021-05-03T00:00:00.000Z,2950.35,2990,2859,2957,2305469,56636
2021-05-04T00:00:00.000Z,2957,3456.7,2957,3433.75,6354231,125888
2021-05-05T00:00:00.000Z,3433.75,3534.65,3180,3250.45,9906726,188369
2021-05-06T00:00:00.000Z,3250.45,3557.45,3216.4,3532.65,5096333,113087
2021-05-07T00:00:00.000Z,3532.65,3616.15,3381.6,3495.8,4241334,96942
2021-05-08T00:00:00.000Z,3495.8,3594.1,3360.05,3485.3,3345923,75060
2021-05-09T00:00:00.000Z,3485.3,3966.8,3456.2,3916.85,3566236,99195
2021-05-10T00:00:00.000Z,3916.85,3992,3739.85,3930.65,4275660,102877
2021-05-11T00:00:00.000Z,3930.65,4216.75,3750.1,3958.75,6236518,136247
2021-05-12T00:00:00.000Z,3958.75,4191.1,3784.15,4187.6,4268151,102465
2021-05-13T00:00:00.000Z,4187.6,4385.3,3764,3830.1,7136775,147676
2021-05-14T00:00:00.000Z,3830.1,4039.15,3557.15,3723.05,10309035,209098
2021-05-15T00:00:00.000Z,3723.05,4180,3699.1,4090.75,3911586,105303
2021-05-16T00:00:00.000Z,4090.75,4145,3640.9,3652.5,4474129,104965
2021-05-17T00:00:00.000Z,3652.5,3887,3345.9,3583.75,6096163,131541
2021-05-18T00:00:00.000Z,3583.75,3589.95,3127.3,3284.3,8786426,170237
2021-05-19T00:00:00.000Z,3284.3,3571.5,3243.25,3380.9,5166098,124578
2021-05-20T00:00:00.000Z,3380.9,3449,1461.95,2464.55,19408145,288757
2021-05-21T00:00:00.000Z,2464.55,3000.4,2162.4,2775,7304587,144678
2021-05-22T00:00:00.000Z,2775,2947.1,2127.95,2444.65,6479088,140194
2021-05-23T00:00:00.000Z,2444.65,2497,2160.35,2301.45,4842573,108910
2021-05-24T00:00:00.000Z,2301.45,2389.05,1737.2,2106.75,8953184,148655
2021-05-25T00:00:00.000Z,2106.75,2678.45,2089.2,2650.95,6536656,135235
2021-05-26T00:00:00.000Z,2650.95,2752,2400.05,2715,5350441,124264
2021-05-27T00:00:00.000Z,2715,2915.9,2656,2891.2,4660007,100011
2021-05-28T00:00:00.000Z,2891.2,2895.95,2641,2745.2,3262987,78844
2021-05-29T00:00:00.000Z,2745.2,2766.35,2340,2416.6,4720976,106235
2021-05-30T00:00:00.000Z,2416.6,2582,2213.9,2281,3499910,83241
2021-05-31T00:00:00.000Z,2281,2479.85,2183,2392.1,3073979,77901
2021-06-01T00:00:00.000Z,2392.1,2724.15,2276.6,2708.35,3583521,87736
2021-06-02T00:00:00.000Z,2708.35,2743.45,2528.5,2637.15,3301015,77543
2021-06-03T00:00:00.000Z,2637.15,2805.9,2552.15,2708.6,3231384,76493
2021-06-04T00:00:00.000Z,2708.6,2893.85,2660,2858,3583608,81560
2021-06-05T00:00:00.000Z,2858,2862,2551.6,2691.15,4959688,96063
2021-06-06T00:00:00.000Z,2691.15,2822.15,2551.95,2631,4628039,84025
2021-06-07T00:00:00.000Z,2631,2749.15,2615.3,2713.1,2167389,46808
2021-06-08T00:00:00.000Z,2713.1,2853.85,2568,2593,3934774,79361
2021-06-09T00:00:00.000Z,2593,2623.25,2320,2512.8,7318586,121581
2021-06-10T00:00:00.000Z,2512.8,2634.5,2411.4,2614.45,6064283,105807
2021-06-11T00:00:00.000Z,2614.45,2629.3,2427.8,2473.2,3631112,63802
2021-06-12T00:00:00.000Z,2473.2,2503.95,2322.8,2358.15,2941841,59994
2021-06-13T00:00:00.000Z,2358.15,2458,2261,2373.35,2610041,57618
2021-06-14T00:00:00.000Z,2373.35,2554,2308.3,2512.2,2382605,55333
2021-06-15T00:00:00.000Z,2512.2,2611.55,2464.05,2579.45,3248993,66894
2021-06-16T00:00:00.000Z,2579.45,2642.2,2506.75,2545.1,2985363,63068
2021-06-17T00:00:00.000Z,2545.1,2558,2348.8,2366.45,2982404,57996
2021-06-18T00:00:00.000Z,2366.45,2460.25,2305.2,2369.45,2747703,52872
2021-06-19T00:00:00.000Z,2369.45,2376.1,2140,2235.45,3955718,68888
2021-06-20T00:00:00.000Z,2235.45,2282.9,2163,2165.15,2650985,58410
2021-06-21T00:00:00.000Z,2165.15,2280,2043,2246.3,3352880,71059
2021-06-22T00:00:00.000Z,2246.3,2264.15,1868.25,1886.6,9938504,133277
2021-06-23T00:00:00.000Z,1886.6,1998.15,1706.85,1880.5,9579966,136871
2021-06-24T00:00:00.000Z,1880.5,2047.95,1824.25,1969.7,3919003,66771
2021-06-25T00:00:00.000Z,1969.7,2035.7,1890,1989.6,3227157,57649
2021-06-26T00:00:00.000Z,1989.6,2022.3,1793,1812.5,3726501,67025
2021-06-27T00:00:00.000Z,1812.5,1853.95,1719.55,1828.75,3506059,63235
2021-06-28T00:00:00.000Z,1828.75,1986.5,1805.5,1984.1,3335650,55580
2021-06-29T00:00:00.000Z,1984.1,2149.25,1962.7,2085.35,3061906,53942
2021-06-30T00:00:00.000Z,2085.35,2246.9,2075.65,2166.75,2363577,45943
2021-07-01T00:00:00.000Z,2166.75,2293.55,2093.3,2277.7,3948459,69297
2021-07-02T00:00:00.000Z,2277.7,2279.4,2075,2109.15,4430845,70869
2021-07-03T00:00:00.000Z,2109.15,2163.25,2019.4,2158.05,2881440,53521
2021-07-04T00:00:00.000Z,2158.05,2242.95,2115.6,2231.95,1764452,36059
2021-07-05T00:00:00.000Z,2231.95,2389,2190.4,2324.05,2580740,49570
2021-07-06T00:00:00.000Z,2324.05,2325.8,2155.2,2195.2,3474317,63459
2021-07-07T00:00:00.000Z,2195.2,2352.6,2193.1,2324.45,2954788,54604
2021-07-08T00:00:00.000Z,2324.45,2413.95,2294.75,2316.85,2599359,45187
2021-07-09T00:00:00.000Z,2316.85,2325.8,2086.3,2116.7,4353140,66737
2021-07-10T00:00:00.000Z,2116.7,2189.95,2048.45,2147.05,3483478,54967
2021-07-11T00:00:00.000Z,2147.05,2193.1,2072.9,2112.1,2157871,39745
2021-07-12T00:00:00.000Z,2112.1,2179.35,2083,2140.15,1862933,36994
2021-07-13T00:00:00.000Z,2140.15,2167.95,1999.45,2031.2,3157563,46422
2021-07-14T00:00:00.000Z,2031.2,2048.5,1917.25,1938.8,3083793,52235
2021-07-15T00:00:00.000Z,1938.8,2020,1864.55,1994.8,3149584,58361
2021-07-16T00:00:00.000Z,1994.8,2042.65,1880.85,1919.5,3509426,57463
2021-07-17T00:00:00.000Z,1919.5,1966,1848.55,1876.1,4578322,58107
2021-07-18T00:00:00.000Z,1876.1,1923.35,1845,1901.1,3110677,43312
2021-07-19T00:00:00.000Z,1901.1,1996,1877.05,1891.3,3628870,58099
2021-07-20T00:00:00.000Z,1891.3,1919.35,1802.6,1818,3297684,44293
2021-07-21T00:00:00.000Z,1818,1842.5,1717.65,1785.15,3865278,48875
2021-07-22T00:00:00.000Z,1785.15,2036.7,1754.55,1996,4079385,69281
2021-07-23T00:00:00.000Z,1996,2049,1950.2,2026.4,3297028,68686
2021-07-24T00:00:00.000Z,2026.4,2133.4,1996.45,2126.55,3382771,65567
2021-07-25T00:00:00.000Z,2126.55,2201.25,2108.25,2185.95,2100920,60158
2021-07-26T00:00:00.000Z,2185.95,2200.8,2108.3,2194.35,2632487,60812
2021-07-27T00:00:00.000Z,2194.35,2433.65,2176.45,2227.1,5424877,107681
2021-07-28T00:00:00.000Z,2227.1,2320,2152.35,2300.9,3493337,70131
2021-07-29T00:00:00.000Z,2300.9,2348.4,2243.9,2302.95,2848067,76332
2021-07-30T00:00:00.000Z,2302.95,2410.8,2268.15,2386.55,2078368,60440
2021-07-31T00:00:00.000Z,2386.55,2475,2318.1,2466.25,3178802,65500
2021-08-01T00:00:00.000Z,2466.25,2556.5,2424.7,2534.2,2589916,64121
2021-08-02T00:00:00.000Z,2534.2,2700.85,2514.6,2557.75,3799992,81723
2021-08-03T00:00:00.000Z,2557.75,2665,2511.4,2606,3760526,73049
2021-08-04T00:00:00.000Z,2606,2631.35,2440.15,2508.55,4462557,66768
2021-08-05T00:00:00.000Z,2508.55,2775.5,2459.35,2728.5,4614486,91275
2021-08-06T00:00:00.000Z,2728.5,2848.45,2525,2833.4,5169270,116320
2021-08-07T00:00:00.000Z,2833.4,2950,2722.05,2893.1,3621358,94204
2021-08-08T00:00:00.000Z,2893.1,3180.95,2868.6,3163.15,5530548,122710
2021-08-09T00:00:00.000Z,3163.15,3195.3,2959,3016.7,3860338,105231
2021-08-10T00:00:00.000Z,3016.7,3200,2902.45,3165.5,5288093,118246
2021-08-11T00:00:00.000Z,3165.5,3238,3058.05,3144.85,3065089,83522
2021-08-12T00:00:00.000Z,3144.85,3277,3122.2,3163.65,2538808,80265
2021-08-13T00:00:00.000Z,3163.65,3241,2981.85,3047.35,3891769,66552
2021-08-14T00:00:00.000Z,3047.35,3329.95,3039.05,3328.45,3919813,88970
2021-08-15T00:00:00.000Z,3328.45,3340.55,3207.1,3268.65,2061855,63286
2021-08-16T00:00:00.000Z,3268.65,3330.85,3110.05,3317.45,2266570,73559
2021-08-17T00:00:00.000Z,3317.45,3350.65,3131.5,3144.8,3070051,80339
2021-08-18T00:00:00.000Z,3144.8,3297.9,3000,3012.8,4375297,91778
2021-08-19T00:00:00.000Z,3012.8,3127.95,2960,3021.45,4046377,90201
2021-08-20T00:00:00.000Z,3021.45,3195.35,2963.2,3189.35,3949383,98015
2021-08-21T00:00:00.000Z,3189.35,3307.7,3176.85,3288.65,3107642,98889
2021-08-22T00:00:00.000Z,3288.65,3312.9,3205.05,3225.7,2497876,80933
2021-08-23T00:00:00.000Z,3225.7,3278.1,3120.2,3244.1,3723782,95958
2021-08-24T00:00:00.000Z,3244.1,3382.95,3237.1,3326.6,3467390,105320
2021-08-25T00:00:00.000Z,3326.6,3363.85,3151.8,3172.3,4009619,99412
2021-08-26T00:00:00.000Z,3172.3,3248.95,3080.6,3231.05,3562338,87198
2021-08-27T00:00:00.000Z,3231.05,3252.95,3059.15,3093.2,3255533,73441
2021-08-28T00:00:00.000Z,3093.2,3285,3062.1,3274.7,3745772,97099
2021-08-29T00:00:00.000Z,3274.7,3289.35,3210.2,3249.25,1775336,47327
2021-08-30T00:00:00.000Z,3249.25,3293.4,3153.6,3228.95,2855582,59697
2021-08-31T00:00:00.000Z,3228.95,3359,3145,3230.3,4550636,96804
2021-09-01T00:00:00.000Z,3230.3,3478.95,3189,3433,3965032,101989
2021-09-02T00:00:00.000Z,3433,3849,3382.6,3833.15,3388640,99854
2021-09-03T00:00:00.000Z,3833.15,3842.75,3728.6,3793.7,2818234,76890
2021-09-04T00:00:00.000Z,3793.7,4045.95,3715,3946.75,3678413,85128
2021-09-05T00:00:00.000Z,3946.75,3971.95,3835.65,3891.4,2053843,51167
2021-09-06T00:00:00.000Z,3891.4,3995.15,3838.05,3956.35,2329852,56821
2021-09-07T00:00:00.000Z,3956.35,3978.55,3870,3931,2905664,56773
2021-09-08T00:00:00.000Z,3931,3952.95,3000,3438.75,8601327,158779
2021-09-09T00:00:00.000Z,3438.75,3566.1,3223.1,3503.95,3919300,117355
2021-09-10T00:00:00.000Z,3503.95,3573.2,3400,3430.95,3075263,67845
2021-09-11T00:00:00.000Z,3430.95,3520,3150.2,3213.2,3104117,80220
2021-09-12T00:00:00.000Z,3213.2,3352.7,3200.5,3271.25,2275342,58220
2021-09-13T00:00:00.000Z,3271.25,3477,3233.85,3407,3134339,69111
2021-09-14T00:00:00.000Z,3407,3431.9,3114.25,3288.1,5009816,106600
2021-09-15T00:00:00.000Z,3288.1,3443.3,3270.6,3439.1,2673575,72500
2021-09-16T00:00:00.000Z,3439.1,3619,3363.4,3617.2,2570242,66165
2021-09-17T00:00:00.000Z,3617.2,3683.05,3476,3569.9,2740938,75298
2021-09-18T00:00:00.000Z,3569.9,3599.8,3351.45,3399.4,2372081,69380
2021-09-19T00:00:00.000Z,3399.4,3539.55,3372.4,3434.65,2732100,68787
2021-09-20T00:00:00.000Z,3434.65,3459,3263.95,3326.4,3866291,61143
2021-09-21T00:00:00.000Z,3326.4,3347.8,2925,2984.15,8839298,162633
2021-09-22T00:00:00.000Z,2984.15,3106.55,2649.1,2767.65,9183674,183166
2021-09-23T00:00:00.000Z,2767.65,3091.5,2741.15,3076.7,5375339,120723
2021-09-24T00:00:00.000Z,3076.7,3178,3032.85,3151.65,2049593,62826
2021-09-25T00:00:00.000Z,3151.65,3158.55,2741.4,2927.6,6974734,165010
2021-09-26T00:00:00.000Z,2927.6,2969.9,2810,2922.1,3380067,80832
2021-09-27T00:00:00.000Z,2922.1,3122.3,2755,3063.35,5319813,121366
2021-09-28T00:00:00.000Z,3063.35,3165.1,2925,2926.75,2793190,70528
2021-09-29T00:00:00.000Z,2926.75,2972.75,2789.2,2805.25,3822966,101779
2021-09-30T00:00:00.000Z,2805.25,2953.65,2782.6,2850.05,3133648,76198
2021-10-01T00:00:00.000Z,2850.05,3056.7,2837.2,3003.15,2750120,80070
2021-10-02T00:00:00.000Z,3003.15,3333,2968.65,3311.4,3538983,84132
2021-10-03T00:00:00.000Z,3311.4,3472.9,3261,3388.2,2163061,63515
2021-10-04T00:00:00.000Z,3388.2,3490,3345.5,3417.75,1713012,48265
2021-10-05T00:00:00.000Z,3417.75,3439.95,3280,3387.15,3046232,74681
2021-10-06T00:00:00.000Z,3387.15,3553.4,3365.4,3520.55,1979499,60150
2021-10-07T00:00:00.000Z,3520.55,3636,3339.35,3577.55,3292046,86218
2021-10-08T00:00:00.000Z,3577.55,3660.3,3470.95,3592.45,2145798,55374
2021-10-09T00:00:00.000Z,3592.45,3675.75,3531.4,3561,1629525,47907
2021-10-10T00:00:00.000Z,3561,3638.95,3540,3575.7,1149276,35894
2021-10-11T00:00:00.000Z,3575.7,3607.5,3412,3418.75,1879902,54227
2021-10-12T00:00:00.000Z,3418.75,3627.05,3375.9,3545.05,2034455,57443
2021-10-13T00:00:00.000Z,3545.05,3548.95,3402.35,3495.85,2790075,81854
2021-10-14T00:00:00.000Z,3495.85,3627,3415,3611,2268333,75436
2021-10-15T00:00:00.000Z,3611,3832.4,3592,3794.2,1670858,66641
2021-10-16T00:00:00.000Z,3794.2,3912.2,3735.6,3869.2,1522197,56521
2021-10-17T00:00:00.000Z,3869.2,3974.85,3802.15,3830,1134539,40755
2021-10-18T00:00:00.000Z,3830,3923.7,3628.35,3851.95,1478933,48299
2021-10-19T00:00:00.000Z,3851.95,3898.5,3676.2,3749.9,1483769,53611
2021-10-20T00:00:00.000Z,3749.9,3892.4,3735.95,3880.1,1853325,68159
2021-10-21T00:00:00.000Z,3880.1,4170,3831.9,4164.7,1930775,75972
2021-10-22T00:00:00.000Z,4164.7,4379.15,3886.6,4058.65,3439785,141250
2021-10-23T00:00:00.000Z,4058.65,4169,3900.05,3976,1791542,75596
2021-10-24T00:00:00.000Z,3976,4176.85,3936.8,4171.1,1140274,45527
2021-10-25T00:00:00.000Z,4171.1,4193.55,3962.65,4087.05,1197271,46033
2021-10-26T00:00:00.000Z,4087.05,4237.9,4072.75,4221.75,1481894,48624
2021-10-27T00:00:00.000Z,4221.75,4310,4090.4,4127.1,2046405,84325
2021-10-28T00:00:00.000Z,4127.1,4320.95,3917.25,3928.55,2776176,125249
2021-10-29T00:00:00.000Z,3928.55,4303.85,3895.85,4291.1,1975867,86509
2021-10-30T00:00:00.000Z,4291.1,4469.45,4273.3,4423,2355978,86580
2021-10-31T00:00:00.000Z,4423,4439,4237,4326.65,878072,42081
2021-11-01T00:00:00.000Z,4326.65,4405.8,4168.8,4290.45,1276404,63997
2021-11-02T00:00:00.000Z,4290.45,4391,4149.35,4324.85,1489655,61125
2021-11-03T00:00:00.000Z,4324.85,4607.95,4288.45,4596.5,1523953,67684
2021-11-04T00:00:00.000Z,4596.5,4678.45,4465.3,4607.8,1524491,69139
2021-11-05T00:00:00.000Z,4607.8,4614.2,4424,4538.25,1428741,70188
2021-11-06T00:00:00.000Z,4538.25,4579.95,4452.6,4483.35,968988,50535
2021-11-07T00:00:00.000Z,4483.35,4540.05,4334.35,4525.6,981696,49119
2021-11-08T00:00:00.000Z,4525.6,4645.2,4507.6,4617.7,889085,40130
2021-11-09T00:00:00.000Z,4617.7,4832.55,4472,4816.8,1367629,64843
2021-11-10T00:00:00.000Z,4816.8,4843.5,4715,4737.6,1137309,59896
2021-11-11T00:00:00.000Z,4737.6,4877,4463.3,4636,1857000,80002
2021-11-12T00:00:00.000Z,4636,4782.9,4583,4723.15,898449,47094
2021-11-13T00:00:00.000Z,4723.15,4812,4514,4670.6,1361202,74055
2021-11-14T00:00:00.000Z,4670.6,4708.55,4589.15,4647.35,711676,33021
2021-11-15T00:00:00.000Z,4647.35,4700,4519.8,4630.25,784657,39081
2021-11-16T00:00:00.000Z,4630.25,4773.5,4547.1,4566.65,1134969,58688
2021-11-17T00:00:00.000Z,4566.65,4566.6,4109.65,4215.7,2089511,106201
2021-11-18T00:00:00.000Z,4215.7,4306.55,4075.4,4292.35,1365130,78370
2021-11-19T00:00:00.000Z,4292.35,4347.5,3964.55,4001.85,1736857,104767
2021-11-20T00:00:00.000Z,4001.85,4314.8,3979.85,4302.95,1068785,80140
2021-11-21T00:00:00.000Z,4302.95,4445.3,4211,4417.65,854283,49255
2021-11-22T00:00:00.000Z,4417.65,4460.5,4247,4264.55,894136,49623
2021-11-23T00:00:00.000Z,4264.55,4330.3,4028.55,4096.9,1325037,71922
2021-11-24T00:00:00.000Z,4096.9,4391.65,4064.1,4343.25,1212814,66926
2021-11-25T00:00:00.000Z,4343.25,4378.75,4173.8,4273.35,1114620,61708
2021-11-26T00:00:00.000Z,4273.35,4559,4251.7,4528.4,1175263,70650
2021-11-27T00:00:00.000Z,4528.4,4557.45,3920,4047.85,2873450,122296
2021-11-28T00:00:00.000Z,4047.85,4191.05,4035.6,4100.95,763616,47557
2021-11-29T00:00:00.000Z,4100.95,4308.15,3963.2,4306.3,1323024,84046
2021-11-30T00:00:00.000Z,4306.3,4469.4,4283.2,4449.15,1167205,71647
2021-12-01T00:00:00.000Z,4449.15,4762.95,4353.85,4635.2,1861075,104514
2021-12-02T00:00:00.000Z,4635.2,4785.5,4531,4590.05,1254518,70490
2021-12-03T00:00:00.000Z,4590.05,4643.85,4440,4519,1089892,57015
2021-12-04T00:00:00.000Z,4519,4661.5,4048.5,4221.15,2564088,102774
2021-12-05T00:00:00.000Z,4221.15,4241.6,3424.1,4129.15,2810973,134252
2021-12-06T00:00:00.000Z,4129.15,4257.7,4046,4214.95,1206294,71515
2021-12-07T00:00:00.000Z,4214.95,4386.5,3926.05,4359.75,2062715,108289
2021-12-08T00:00:00.000Z,4359.75,4432.85,4265.65,4317.5,1148546,56979
2021-12-09T00:00:00.000Z,4317.5,4462.85,4231.1,4447.35,1302962,73521
2021-12-10T00:00:00.000Z,4447.35,4495.55,4082.95,4111.35,1125839,61517
2021-12-11T00:00:00.000Z,4111.35,4237.55,3892.6,3902.25,1744606,84272
2021-12-12T00:00:00.000Z,3902.25,4104.1,3840,4095,1164330,58021
2021-12-13T00:00:00.000Z,4095,4181.05,3987.7,4133.8,864387,41298
2021-12-14T00:00:00.000Z,4133.8,4147.45,3673,3782.55,1700503,68791
2021-12-15T00:00:00.000Z,3782.55,3889.95,3689.45,3866.15,1402566,62018
2021-12-16T00:00:00.000Z,3866.15,4102.1,3645,4023.75,2003442,74656
2021-12-17T00:00:00.000Z,4023.75,4120.05,3956.9,3961.2,1228453,45441
2021-12-18T00:00:00.000Z,3961.2,3996.85,3701.1,3879.75,1404619,59730
2021-12-19T00:00:00.000Z,3879.75,4003.3,3770.05,3964,945242,45402
2021-12-20T00:00:00.000Z,3964,4043.95,3885.55,3925.65,1360874,53699
2021-12-21T00:00:00.000Z,3925.65,3986.55,3759.4,3948.65,1514133,70554
2021-12-22T00:00:00.000Z,3948.65,4068.2,3915.95,4018.8,977863,44456
2021-12-23T00:00:00.000Z,4018.8,4080,3939.5,3984.3,902939,50318
2021-12-24T00:00:00.000Z,3984.3,4159,3895.45,4119.25,1213901,55222
2021-12-25T00:00:00.000Z,4119.25,4143.65,4022,4050.9,1044415,52078
2021-12-26T00:00:00.000Z,4050.9,4147,4025.1,4100,1218656,55453
2021-12-27T00:00:00.000Z,4100,4114,4007.75,4066.45,936750,46106
2021-12-28T00:00:00.000Z,4066.45,4132.75,4032.4,4041.7,1389710,63339
2021-12-29T00:00:00.000Z,4041.7,4041.1,3761.15,3797.45,1173810,59128
2021-12-30T00:00:00.000Z,3797.45,3833.05,3605.65,3631.45,1239265,57206
2021-12-31T00:00:00.000Z,3631.45,3772.3,3585,3714.4,852080,37059
2022-01-01T00:00:00.000Z,3714.4,3820,3625,3679.2,1495398,57993
2022-01-02T00:00:00.000Z,3679.2,3781,3675.15,3771.8,1061013,44670
2022-01-03T00:00:00.000Z,3771.8,3861.9,3718.5,3830.8,1096887,47902
2022-01-04T00:00:00.000Z,3830.8,3858,3684.6,3766,1315459,54173
2022-01-05T00:00:00.000Z,3766,3895.9,3717,3788.55,1367572,51640
2022-01-06T00:00:00.000Z,3788.55,3852.95,3410.8,3539,2070474,72409
2022-01-07T00:00:00.000Z,3539,3551.9,3295.95,3410,1180357,48715
2022-01-08T00:00:00.000Z,3410,3418.9,3060,3200.8,2701444,81101
2022-01-09T00:00:00.000Z,3200.8,3259.1,3000.7,3081.7,1117415,41954
2022-01-10T00:00:00.000Z,3081.7,3212.8,3058.95,3152.45,974433,36705
2022-01-11T00:00:00.000Z,3152.45,3183.15,2928.25,3084.55,1897170,63276
2022-01-12T00:00:00.000Z,3084.55,3265,3055.05,3241.3,1012022,45065
2022-01-13T00:00:00.000Z,3241.3,3415.95,3207.4,3374.8,1533040,50916
2022-01-14T00:00:00.000Z,3374.8,3414.4,3236,3244.6,1537774,48062
2022-01-15T00:00:00.000Z,3244.6,3349.6,3190.9,3312.7,1480671,55974
2022-01-16T00:00:00.000Z,3312.7,3376,3263.8,3331.65,847405,38127
2022-01-17T00:00:00.000Z,3331.65,3399.2,3275.15,3349.45,1342470,47144
2022-01-18T00:00:00.000Z,3349.45,3360.95,3137.3,3212.05,1203408,45795
2022-01-19T00:00:00.000Z,3212.05,3247.5,3085.9,3162.95,1218811,52854
2022-01-20T00:00:00.000Z,3162.95,3177.4,3048.1,3085.35,1313474,47191
2022-01-21T00:00:00.000Z,3085.35,3274.75,2992,3004.2,1555619,53510
2022-01-22T00:00:00.000Z,3004.2,3035.9,2466.7,2572.65,3554210,99117
2022-01-23T00:00:00.000Z,2572.65,2628.75,2302.65,2413.6,2730898,88831
2022-01-24T00:00:00.000Z,2413.6,2553.15,2373,2544.2,2033187,55519
2022-01-25T00:00:00.000Z,2544.2,2543.65,2162,2443.1,4775492,124726
2022-01-26T00:00:00.000Z,2443.1,2510,2351.6,2460.3,1746218,59038
2022-01-27T00:00:00.000Z,2460.3,2723.9,2405,2462.85,2659903,78406
2022-01-28T00:00:00.000Z,2462.85,2522.65,2318.6,2425.8,2536910,61246
2022-01-29T00:00:00.000Z,2425.8,2560,2357.5,2547.25,2039294,57376
2022-01-30T00:00:00.000Z,2547.25,2640,2524.9,2601.4,1412207,48954
2022-01-31T00:00:00.000Z,2601.4,2644,2546.1,2608.95,1395799,44726
2022-02-01T00:00:00.000Z,2608.95,2708.95,2479.8,2688.25,2028088,59951
2022-02-02T00:00:00.000Z,2688.25,2816,2676.55,2789.2,1686641,61479
2022-02-03T00:00:00.000Z,2789.2,2816.45,2613.65,2679.15,1759697,61317
2022-02-04T00:00:00.000Z,2679.15,2725,2578.4,2699.45,1405208,49569
2022-02-05T00:00:00.000Z,2699.45,2999.8,2676,2998.2,2443173,75128
2022-02-06T00:00:00.000Z,2998.2,3065.35,2962.9,3015.75,1139257,42158
2022-02-07T00:00:00.000Z,3015.75,3080.2,2955.8,3060,1286656,38438
2022-02-08T00:00:00.000Z,3060,3191.4,2995,3143.9,1328865,62060
2022-02-09T00:00:00.000Z,3143.9,3244,3030.6,3119.85,2144055,67804
2022-02-10T00:00:00.000Z,3119.85,3276.1,3060,3248.2,1175401,52961
2022-02-11T00:00:00.000Z,3248.2,3289,3061.65,3075.05,2129631,70939
2022-02-12T00:00:00.000Z,3075.05,3146,2883.05,2932,2020674,69914
2022-02-13T00:00:00.000Z,2932,3000.45,2862.15,2922.15,2213588,65606
2022-02-14T00:00:00.000Z,2922.15,2958.6,2838.5,2873.45,1114575,41081
2022-02-15T00:00:00.000Z,2873.45,2971.75,2832,2931.95,1356603,53652
2022-02-16T00:00:00.000Z,2931.95,3200,2915.4,3188.7,1250656,48346
2022-02-17T00:00:00.000Z,3188.7,3193.9,3048.5,3125,1486046,56182
2022-02-18T00:00:00.000Z,3125,3165.15,2857.05,2897.3,1489828,54323
2022-02-19T00:00:00.000Z,2897.3,2946.95,2756.85,2782.7,1716063,54091
2022-02-20T00:00:00.000Z,2782.7,2832.55,2696.3,2764.35,1324706,40041
2022-02-21T00:00:00.000Z,2764.35,2766,2579.65,2624.2,1892664,55922
2022-02-22T00:00:00.000Z,2624.2,2761.25,2561.2,2570.95,2996121,77661
2022-02-23T00:00:00.000Z,2570.95,2669.35,2502,2640.65,2164914,64521
2022-02-24T00:00:00.000Z,2640.65,2754.8,2576.75,2580.45,2441042,70590
2022-02-25T00:00:00.000Z,2580.45,2754.5,2303.8,2600.4,3823192,90749
2022-02-26T00:00:00.000Z,2600.4,2838.6,2574.65,2772,1561282,54339
2022-02-27T00:00:00.000Z,2772,2882.6,2731,2782.4,1169714,37422
2022-02-28T00:00:00.000Z,2782.4,2839.65,2562,2619.3,1763285,54978
2022-03-01T00:00:00.000Z,2619.3,2969.65,2572.2,2927.95,2175972,64718
2022-03-02T00:00:00.000Z,2927.95,3041.85,2856.65,2978.65,1742260,64478
2022-03-03T00:00:00.000Z,2978.65,3048.5,2914.9,2950.85,1843241,64412
2022-03-04T00:00:00.000Z,2950.85,2974.15,2786.8,2836.05,1018579,43257
2022-03-05T00:00:00.000Z,2836.05,2838.5,2573.9,2623.1,1450589,55991
2022-03-06T00:00:00.000Z,2623.1,2689,2590.75,2667.65,553157,27044
2022-03-07T00:00:00.000Z,2667.65,2678.85,2534.95,2551.35,1098237,42070
2022-03-08T00:00:00.000Z,2551.35,2667.05,2446.9,2492.35,1833622,57685
2022-03-09T00:00:00.000Z,2492.35,2630.15,2481.15,2579.3,1514742,48351
2022-03-10T00:00:00.000Z,2579.3,2775.95,2570.05,2731.55,1485781,47406
2022-03-11T00:00:00.000Z,2731.55,2736.95,2551.9,2609.65,1367913,49161
2022-03-12T00:00:00.000Z,2609.65,2681.8,2522.8,2559.7,1183119,45051
2022-03-13T00:00:00.000Z,2559.7,2620.2,2555,2570.45,828959,29009
2022-03-14T00:00:00.000Z,2570.45,2606,2492.05,2517.35,1472903,45442
2022-03-15T00:00:00.000Z,2517.35,2612,2500.2,2592.5,1541691,52888
2022-03-16T00:00:00.000Z,2592.5,2673.15,2506.55,2622.35,1931441,57108
2022-03-17T00:00:00.000Z,2622.35,2793.3,2605.35,2778.9,1984467,63605
2022-03-18T00:00:00.000Z,2778.9,2841.1,2751.05,2815.25,1030786,39769
2022-03-19T00:00:00.000Z,2815.25,2988.85,2770.15,2942.7,2142676,62827
2022-03-20T00:00:00.000Z,2942.7,2994.1,2895.85,2957,1912372,60908
2022-03-21T00:00:00.000Z,2957,2969.35,2821.15,2863.9,1554673,49987
2022-03-22T00:00:00.000Z,2863.9,2964.45,2831.7,2893.5,1886454,62710
2022-03-23T00:00:00.000Z,2893.5,3072.3,2889.55,2971.9,2826138,79551
2022-03-24T00:00:00.000Z,2971.9,3049.9,2922.75,3041.4,1817685,61434
2022-03-25T00:00:00.000Z,3041.4,3133.85,3003.05,3114.8,2183309,75837
2022-03-26T00:00:00.000Z,3114.8,3198.25,3078.55,3107.3,2189954,82113
2022-03-27T00:00:00.000Z,3107.3,3156.95,3087.65,3148.25,846364,38593
2022-03-28T00:00:00.000Z,3148.25,3304,3130,3300.25,1342053,48226
2022-03-29T00:00:00.000Z,3300.25,3434,3278.15,3339.05,1770473,49562
2022-03-30T00:00:00.000Z,3339.05,3485,3337.75,3405.5,1519708,53567
2022-03-31T00:00:00.000Z,3405.5,3451.35,3336.85,3386.6,1574756,65188
2022-04-01T00:00:00.000Z,3386.6,3449.25,3265.05,3287.65,1380726,54366
2022-04-02T00:00:00.000Z,3287.65,3485.75,3213.55,3457.35,1598965,62948
2022-04-03T00:00:00.000Z,3457.35,3534.9,3432.3,3446,1290758,57901
2022-04-04T00:00:00.000Z,3446,3582.35,3415.15,3522.9,1584615,65951
2022-04-05T00:00:00.000Z,3522.9,3551.4,3408.1,3522.05,1776695,68999
2022-04-06T00:00:00.000Z,3522.05,3560.5,3397.45,3409.1,1498237,60421
2022-04-07T00:00:00.000Z,3409.1,3409,3162.85,3171.25,1420863,55367
2022-04-08T00:00:00.000Z,3171.25,3274.05,3143.9,3227.7,939520,40883
2022-04-09T00:00:00.000Z,3227.7,3316.95,3175.1,3196.4,1698316,64303
2022-04-10T00:00:00.000Z,3196.4,3274.25,3184,3263.1,813860,32552
2022-04-11T00:00:00.000Z,3263.1,3310,3191.2,3202.05,1404950,42357
2022-04-12T00:00:00.000Z,3202.05,3214.35,2953.05,2982.7,2195435,85263
2022-04-13T00:00:00.000Z,2982.7,3086,2952.5,3032.15,1695227,70640
2022-04-14T00:00:00.000Z,3032.15,3132.05,3000.2,3118,1403501,52767
2022-04-15T00:00:00.000Z,3118,3145.95,2977.35,3023.4,875832,35145
2022-04-16T00:00:00.000Z,3023.4,3065,2994,3043.05,643082,23456
2022-04-17T00:00:00.000Z,3043.05,3090.95,3011.25,3061.55,689039,24847
2022-04-18T00:00:00.000Z,3061.55,3085.8,2983.8,2987.9,892738,33637
2022-04-19T00:00:00.000Z,2987.9,3071.95,2883.6,3057.95,1373373,42812
2022-04-20T00:00:00.000Z,3057.95,3133.85,3030.85,3103.55,686629,30923
2022-04-21T00:00:00.000Z,3103.55,3172.95,3038,3078.95,972417,38259
2022-04-22T00:00:00.000Z,3078.95,3188.1,2941.65,2986.5,1130754,38845
2022-04-23T00:00:00.000Z,2986.5,3036.35,2936.1,2966.3,594136,21570
2022-04-24T00:00:00.000Z,2966.3,2983.3,2917.65,2933.8,823979,21567
2022-04-25T00:00:00.000Z,2933.8,2972.4,2913,2922.7,1591895,37268
2022-04-26T00:00:00.000Z,2922.7,3028.95,2796.15,3009.25,1847381,60503
2022-04-27T00:00:00.000Z,3009.25,3042.15,2766.4,2811.15,1362152,44364
2022-04-28T00:00:00.000Z,2811.15,2923.35,2795.15,2890.55,1110581,37114
2022-04-29T00:00:00.000Z,2890.55,2983.6,2855.15,2938.05,1392872,42676
2022-04-30T00:00:00.000Z,2938.05,2948.7,2777.15,2818.15,914906,32829
2022-05-01T00:00:00.000Z,2818.15,2842.95,2715.6,2727.75,706955,26063
2022-05-02T00:00:00.000Z,2727.75,2853.35,2718.2,2827.5,1064795,33833
2022-05-03T00:00:00.000Z,2827.5,2886.2,2780,2858.3,1246406,44626
2022-05-04T00:00:00.000Z,2858.3,2863.1,2756.95,2781.6,1135962,37831
2022-05-05T00:00:00.000Z,2781.6,2968.7,2772.75,2943.1,1439999,59801
2022-05-06T00:00:00.000Z,2943.1,2957.05,2689.6,2747.4,1426136,52781
2022-05-07T00:00:00.000Z,2747.4,2757.5,2632.95,2693.6,1012414,41108
2022-05-08T00:00:00.000Z,2693.6,2707.8,2586.85,2637.6,775945,28833
2022-05-09T00:00:00.000Z,2637.6,2651.5,2482.65,2521.05,1651525,43875
2022-05-10T00:00:00.000Z,2521.05,2532.6,2224.7,2233.05,2732909,82863
2022-05-11T00:00:00.000Z,2233.05,2459.1,2200.6,2344.25,1917666,56257
2022-05-12T00:00:00.000Z,2344.25,2454.35,2002,2080.45,4923190,108033
2022-05-13T00:00:00.000Z,2080.45,2190.95,1710.05,1953.4,3893420,77684
2022-05-14T00:00:00.000Z,1953.4,2147.7,1937.85,2009.15,2843914,70961
2022-05-15T00:00:00.000Z,2009.15,2068.15,1951.3,2055.4,1116576,33434
2022-05-16T00:00:00.000Z,2055.4,2168.8,1997.5,2145.2,1114964,30990
2022-05-17T00:00:00.000Z,2145.2,2144.5,1979.05,2022.3,1572683,43471
2022-05-18T00:00:00.000Z,2022.3,2123.75,2006,2091.45,2423596,65417
2022-05-19T00:00:00.000Z,2091.45,2111.3,1907.6,1913.8,1505310,38654
2022-05-20T00:00:00.000Z,1913.8,2041.25,1902.15,2020.75,1530477,38524
2022-05-21T00:00:00.000Z,2020.75,2062.9,1922,1961.55,1626680,48884
2022-05-22T00:00:00.000Z,1961.55,1991.7,1937.3,1974.65,1063654,32091
2022-05-23T00:00:00.000Z,1974.65,2057.5,1964.95,2043.25,1163675,31231
2022-05-24T00:00:00.000Z,2043.25,2088.3,1955.95,1972.05,1633259,40471
2022-05-25T00:00:00.000Z,1972.05,1993.35,1911.9,1979.55,1410846,39141
2022-05-26T00:00:00.000Z,1979.55,2023.4,1933.6,1941.85,1425891,41550
2022-05-27T00:00:00.000Z,1941.85,1967.5,1727,1792.7,2264684,51033
2022-05-28T00:00:00.000Z,1792.7,1822.9,1705.1,1728.5,2391534,45945
2022-05-29T00:00:00.000Z,1728.5,1809.95,1722.45,1793.5,1195382,26611
2022-05-30T00:00:00.000Z,1793.5,1828.75,1762.55,1812.45,1077630,24045
2022-05-31T00:00:00.000Z,1812.45,2015.2,1802.55,1999.2,1833966,37498
2022-06-01T00:00:00.000Z,1999.2,2016.9,1925.2,1941.7,1549754,33836
2022-06-02T00:00:00.000Z,1941.7,1975,1762.8,1817.6,1723156,42660
2022-06-03T00:00:00.000Z,1817.6,1854.4,1782.75,1834.8,1547751,37612
2022-06-04T00:00:00.000Z,1834.8,1843.95,1734.65,1774.55,1151563,29386
2022-06-05T00:00:00.000Z,1774.55,1817,1747.9,1804.6,927375,22097
2022-06-06T00:00:00.000Z,1804.6,1831.55,1773.05,1805.7,1243796,29025
2022-06-07T00:00:00.000Z,1805.7,1921,1803.2,1860.45,1384789,35835
2022-06-08T00:00:00.000Z,1860.45,1876.3,1725,1814.95,2099850,53047
2022-06-09T00:00:00.000Z,1814.95,1841.3,1764.2,1792.55,1576868,30941
2022-06-10T00:00:00.000Z,1792.55,1835.1,1777.6,1788.2,1491608,31903
2022-06-11T00:00:00.000Z,1788.2,1806.6,1655.1,1661.95,2118671,41097
2022-06-12T00:00:00.000Z,1661.95,1681.25,1501.55,1533,2361783,49359
2022-06-13T00:00:00.000Z,1533,1547.65,1425.65,1434.5,3318665,52472
2022-06-14T00:00:00.000Z,1434.5,1454.9,1165.45,1209.8,7066522,91513
2022-06-15T00:00:00.000Z,1209.8,1268.3,1075.4,1208.15,4972954,63096
2022-06-16T00:00:00.000Z,1208.15,1250.1,1013.9,1236.25,8923633,74188
2022-06-17T00:00:00.000Z,1236.25,1256.7,1051.4,1068.4,4698863,53913
2022-06-18T00:00:00.000Z,1068.4,1119.85,1050.2,1086.95,3984932,42700
2022-06-19T00:00:00.000Z,1086.95,1098.75,883.3,995.25,6814150,64174
2022-06-20T00:00:00.000Z,995.25,1156.45,935.6,1128.4,7063633,65805
2022-06-21T00:00:00.000Z,1128.4,1170.6,1052.9,1128.35,5761242,53489
2022-06-22T00:00:00.000Z,1128.35,1194.1,1109.4,1125.95,3485702,40736
2022-06-23T00:00:00.000Z,1125.95,1127.55,1044.85,1052.25,5656349,55541
2022-06-24T00:00:00.000Z,1052.25,1156.25,1047.1,1144.9,3782297,43142
2022-06-25T00:00:00.000Z,1144.9,1246.7,1131.95,1224.6,3378068,44639
2022-06-26T00:00:00.000Z,1224.6,1259.5,1179.7,1243.2,2214797,32799
2022-06-27T00:00:00.000Z,1243.2,1283.95,1194.1,1198.15,3126819,35795
2022-06-28T00:00:00.000Z,1198.15,1239.7,1171.25,1192.1,3554449,40191
2022-06-29T00:00:00.000Z,1192.1,1239.1,1136.1,1142.65,4020725,44666
2022-06-30T00:00:00.000Z,1142.65,1157.45,1086,1100.15,4024053,43617
2022-07-01T00:00:00.000Z,1100.15,1108,997.95,1071.7,4765842,48206
2022-07-02T00:00:00.000Z,1071.7,1116.6,1032.55,1059.95,4513784,46439
2022-07-03T00:00:00.000Z,1059.95,1079.9,1028.5,1067,2547634,26372
2022-07-04T00:00:00.000Z,1067,1092.15,1039.55,1074.8,4008888,35765
2022-07-05T00:00:00.000Z,1074.8,1161.45,1044.1,1150.65,4509023,46938
2022-07-06T00:00:00.000Z,1150.65,1173.65,1076.55,1132.5,7200809,61562
2022-07-07T00:00:00.000Z,1132.5,1206.5,1109.3,1188.05,6390602,57396
2022-07-08T00:00:00.000Z,1188.05,1255.9,1163.6,1238.85,4029339,40033
2022-07-09T00:00:00.000Z,1238.85,1280.25,1193.25,1214.25,4849687,55059
2022-07-10T00:00:00.000Z,1214.25,1236.2,1204.45,1217.85,1887041,26758
2022-07-11T00:00:00.000Z,1217.85,1219.95,1154.05,1168.2,2167662,35424
2022-07-12T00:00:00.000Z,1168.2,1171.5,1092,1095.95,3314334,38915
2022-07-13T00:00:00.000Z,1095.95,1098.35,1032.55,1038,3133577,40254
2022-07-14T00:00:00.000Z,1038,1120,1005,1115.65,4426253,54974
2022-07-15T00:00:00.000Z,1115.65,1216.65,1071.05,1193.35,4803457,49026
2022-07-16T00:00:00.000Z,1193.35,1294.35,1180.85,1232.7,4290936,52292
2022-07-17T00:00:00.000Z,1232.7,1423,1192.2,1356.45,4920688,56257
2022-07-18T00:00:00.000Z,1356.45,1387.8,1319.15,1338.55,3854870,52489
2022-07-19T00:00:00.000Z,1338.55,1599,1334.7,1582.4,11170555,104279
2022-07-20T00:00:00.000Z,1582.4,1637.95,1494.85,1545.55,9437136,94838
2022-07-21T00:00:00.000Z,1545.55,1623.25,1484.55,1524.15,12663370,89958
2022-07-22T00:00:00.000Z,1524.15,1608.6,1467.3,1575.7,6631733,72533
2022-07-23T00:00:00.000Z,1575.7,1649.4,1519.25,1538,5857515,67394
2022-07-24T00:00:00.000Z,1538,1598.35,1488.75,1550.65,3198276,49507
2022-07-25T00:00:00.000Z,1550.65,1666.15,1549.05,1600.05,2638568,52392
2022-07-26T00:00:00.000Z,1600.05,1611.15,1436.65,1440.1,7156124,72860
2022-07-27T00:00:00.000Z,1440.1,1461.8,1356.9,1457,10050567,84991
2022-07-28T00:00:00.000Z,1457,1647,1423.55,1638.9,9147044,80404
2022-07-29T00:00:00.000Z,1638.9,1786.4,1590.55,1726.65,15098318,96278
2022-07-30T00:00:00.000Z,1726.65,1769.85,1658.1,1725.65,4902653,62744
2022-07-31T00:00:00.000Z,1725.65,1745.2,1675.05,1699.9,2296041,41422
2022-08-01T00:00:00.000Z,1699.9,1758.2,1668.35,1680.35,2821061,46757
2022-08-02T00:00:00.000Z,1680.35,1705.6,1609.5,1631.3,3004942,51734
2022-08-03T00:00:00.000Z,1631.3,1680,1560.6,1633.75,4147045,61082
2022-08-04T00:00:00.000Z,1633.75,1687.85,1591,1619.3,2847455,47908
2022-08-05T00:00:00.000Z,1619.3,1664.5,1581.15,1610.1,3707577,52744
2022-08-06T00:00:00.000Z,1610.1,1744,1606.5,1739.1,3344293,54596
2022-08-07T00:00:00.000Z,1739.1,1753.2,1686.6,1692.2,1654891,32519
2022-08-08T00:00:00.000Z,1692.2,1732.7,1670.05,1702.4,1627367,30956
2022-08-09T00:00:00.000Z,1702.4,1821.5,1695.1,1779.75,5909589,57745
2022-08-10T00:00:00.000Z,1779.75,1791.45,1668.25,1705.5,3506559,54974
2022-08-11T00:00:00.000Z,1705.5,1891.9,1659.1,1857.9,4452661,64902
2022-08-12T00:00:00.000Z,1857.9,1948.1,1854,1883.55,3138480,61419
2022-08-13T00:00:00.000Z,1883.55,1967.35,1853.8,1961.1,2314642,48657
2022-08-14T00:00:00.000Z,1961.1,2020.7,1950,1985.2,2695029,43886
2022-08-15T00:00:00.000Z,1985.2,2032.95,1904.65,1936.25,2920980,45526
2022-08-16T00:00:00.000Z,1936.25,2014.25,1873.2,1900.85,2597600,55473
2022-08-17T00:00:00.000Z,1900.85,1917,1852.65,1877.5,2474562,56146
2022-08-18T00:00:00.000Z,1877.5,1959.05,1820.25,1835.25,3086913,56789
2022-08-19T00:00:00.000Z,1835.25,1883.6,1822.1,1849.2,2335537,40764
2022-08-20T00:00:00.000Z,1849.2,1850.3,1603.8,1609.6,6112111,83293
2022-08-21T00:00:00.000Z,1609.6,1657.75,1525,1577.15,2809309,46275
2022-08-22T00:00:00.000Z,1577.15,1648.3,1564.1,1620.4,2562003,42224
2022-08-23T00:00:00.000Z,1620.4,1631.2,1531.3,1627.25,3162044,54116
2022-08-24T00:00:00.000Z,1627.25,1677,1562.95,1664.35,2856919,51714
2022-08-25T00:00:00.000Z,1664.35,1695.85,1605.1,1657,2827008,51836
2022-08-26T00:00:00.000Z,1657,1723.6,1654.05,1696.05,2163365,39491
2022-08-27T00:00:00.000Z,1696.05,1708.9,1488,1510,4131563,62758
2022-08-28T00:00:00.000Z,1510,1519.75,1447.5,1491.2,2469277,40476
2022-08-29T00:00:00.000Z,1491.2,1511.2,1425,1427.55,2205926,40453
2022-08-30T00:00:00.000Z,1427.55,1561,1423.4,1552.65,3097006,43714
2022-08-31T00:00:00.000Z,1552.65,1607.25,1474.8,1525.95,4827142,58697
2022-09-01T00:00:00.000Z,1525.95,1621.05,1526.1,1555.2,3766352,54158
2022-09-02T00:00:00.000Z,1555.2,1602.2,1514.3,1587.75,4008034,50885
2022-09-03T00:00:00.000Z,1587.75,1652.75,1547.9,1577,3391853,49041
2022-09-04T00:00:00.000Z,1577,1583.7,1535.1,1557.5,2507046,35840
2022-09-05T00:00:00.000Z,1557.5,1584.9,1541.6,1580.75,2457333,33087
2022-09-06T00:00:00.000Z,1580.75,1632.65,1557.15,1619.85,4021985,47235
2022-09-07T00:00:00.000Z,1619.85,1689.4,1555,1559,6285000,71978
2022-09-08T00:00:00.000Z,1559,1657.95,1490.95,1629.95,3919157,52024
2022-09-09T00:00:00.000Z,1629.95,1665,1595.8,1636,4117575,52866
2022-09-10T00:00:00.000Z,1636,1749.65,1631.5,1720,3727770,50555
2022-09-11T00:00:00.000Z,1720,1791.35,1708.95,1775.95,2047091,34976
2022-09-12T00:00:00.000Z,1775.95,1789.5,1720.95,1767.55,2332245,35567
2022-09-13T00:00:00.000Z,1767.55,1784.55,1692.5,1715.7,2832229,51162
2022-09-14T00:00:00.000Z,1715.7,1761.85,1558.3,1572.05,4003127,70116
2022-09-15T00:00:00.000Z,1572.05,1641.95,1551.25,1634.5,3203709,51179
2022-09-16T00:00:00.000Z,1634.5,1663.35,1458.05,1475.05,5160941,72401
2022-09-17T00:00:00.000Z,1475.05,1484,1406.7,1434.35,2863646,39878
2022-09-18T00:00:00.000Z,1434.35,1478.75,1410.55,1470.55,2536207,31688
2022-09-19T00:00:00.000Z,1470.55,1471.1,1324.1,1336.05,2937065,39455
2022-09-20T00:00:00.000Z,1336.05,1396.45,1281.65,1376.45,4431301,51735
2022-09-21T00:00:00.000Z,1376.45,1385.9,1313.85,1324.8,2998155,48679
2022-09-22T00:00:00.000Z,1324.8,1410.6,1222.8,1246.75,2713793,33781
2022-09-23T00:00:00.000Z,1246.75,1350.35,1238.05,1326.9,3806943,52204
2022-09-24T00:00:00.000Z,1326.9,1362.65,1263.25,1329,3634892,57691
2022-09-25T00:00:00.000Z,1329,1349.9,1307.05,1317.05,1762283,27665
2022-09-26T00:00:00.000Z,1317.05,1337.95,1265,1295.45,3714085,40433
2022-09-27T00:00:00.000Z,1295.45,1341.8,1279.8,1337.55,3466158,51640
2022-09-28T00:00:00.000Z,1337.55,1401.05,1304.2,1329.05,5924448,75562
2022-09-29T00:00:00.000Z,1329.05,1357,1254.2,1339,3593070,56202
2022-09-30T00:00:00.000Z,1339,1353.55,1288.95,1335.8,2705791,40524
2022-10-01T00:00:00.000Z,1335.8,1374.45,1316,1328.8,3227836,46623
2022-10-02T00:00:00.000Z,1328.8,1333.55,1303.6,1312.9,1945431,22742
2022-10-03T00:00:00.000Z,1312.9,1318.75,1269.1,1276.6,2811374,33111
2022-10-04T00:00:00.000Z,1276.6,1331,1263.2,1324.45,3006895,42377
2022-10-05T00:00:00.000Z,1324.45,1372.2,1320,1363.05,2932505,40752
2022-10-06T00:00:00.000Z,1363.05,1365.2,1318,1353.05,2963660,37774
2022-10-07T00:00:00.000Z,1353.05,1386.05,1345.65,1352.15,3727403,46659
2022-10-08T00:00:00.000Z,1352.15,1361.9,1318.05,1332.75,3429553,32605
2022-10-09T00:00:00.000Z,1332.75,1338.9,1303.45,1315.8,2019980,21165
2022-10-10T00:00:00.000Z,1315.8,1330.05,1307.95,1324.35,2211140,22049
2022-10-11T00:00:00.000Z,1324.35,1339.8,1286.9,1291.1,3229748,40790
2022-10-12T00:00:00.000Z,1291.1,1299.25,1262.75,1280.75,2704226,36704
2022-10-13T00:00:00.000Z,1280.75,1308.35,1275.8,1295.8,2284850,29171
2022-10-14T00:00:00.000Z,1295.8,1302.4,1188.05,1287.8,4624999,57837
2022-10-15T00:00:00.000Z,1287.8,1343.2,1284.55,1297.85,2696445,36771
2022-10-16T00:00:00.000Z,1297.85,1301.6,1263.85,1274.65,1284803,18032
2022-10-17T00:00:00.000Z,1274.65,1317.7,1274.6,1306.85,1444888,23844
2022-10-18T00:00:00.000Z,1306.85,1340.85,1296.55,1332.35,2286510,35717
2022-10-19T00:00:00.000Z,1332.35,1343.1,1286.15,1310.95,3016096,44312
2022-10-20T00:00:00.000Z,1310.95,1313.8,1280,1285.85,1675159,28114
2022-10-21T00:00:00.000Z,1285.85,1312.55,1270.85,1283.05,3211225,36409
2022-10-22T00:00:00.000Z,1283.05,1309.15,1253.65,1301.45,3261109,34362
2022-10-23T00:00:00.000Z,1301.45,1320.85,1295.6,1314.6,1802196,16946
2022-10-24T00:00:00.000Z,1314.6,1372,1300.65,1365.75,1852597,21780
2022-10-25T00:00:00.000Z,1365.75,1371.3,1325.05,1344.5,2457501,32182
2022-10-26T00:00:00.000Z,1344.5,1535.2,1335.25,1461.1,5253718,55244
2022-10-27T00:00:00.000Z,1461.1,1595.8,1459.5,1566.7,3451724,59423
2022-10-28T00:00:00.000Z,1566.7,1579.1,1504.05,1515.05,2174361,51300
2022-10-29T00:00:00.000Z,1515.05,1576.3,1481.95,1555.75,3392673,51489
2022-10-30T00:00:00.000Z,1555.75,1665.45,1549,1622,2415137,46791
2022-10-31T00:00:00.000Z,1622,1640.95,1577.75,1591.95,1775805,37596
2022-11-01T00:00:00.000Z,1591.95,1635.9,1550.5,1573.3,3220577,54876
2022-11-02T00:00:00.000Z,1573.3,1613.35,1563.9,1579.45,2017893,40590
2022-11-03T00:00:00.000Z,1579.45,1622.2,1504.05,1519.65,2994995,51346
2022-11-04T00:00:00.000Z,1519.65,1559.5,1516.25,1532.05,2245771,36416
2022-11-05T00:00:00.000Z,1532.05,1678.65,1529.8,1646.65,3198969,59931
2022-11-06T00:00:00.000Z,1646.65,1668.7,1621.85,1627.3,1423080,29143
2022-11-07T00:00:00.000Z,1627.3,1639.75,1564.6,1569.35,1475243,35514
2022-11-08T00:00:00.000Z,1569.35,1610.4,1547.05,1569.65,2479641,48238
2022-11-09T00:00:00.000Z,1569.65,1582.4,1214.35,1335.55,9853457,161153
2022-11-10T00:00:00.000Z,1335.55,1339.25,1084.2,1109.2,9271835,157567
2022-11-11T00:00:00.000Z,1109.2,1345.75,1095,1295.95,5366289,102395
2022-11-12T00:00:00.000Z,1295.95,1308.25,1198.75,1287.1,4334949,73708
2022-11-13T00:00:00.000Z,1287.1,1290.25,1237.4,1255.2,2017684,32043
2022-11-14T00:00:00.000Z,1255.2,1270.75,1198.2,1220.6,2687109,38655
2022-11-15T00:00:00.000Z,1220.6,1290.35,1167.55,1241.45,4457191,55885
2022-11-16T00:00:00.000Z,1241.45,1290.3,1232.05,1252.9,2363614,40348
2022-11-17T00:00:00.000Z,1252.9,1268.85,1186.5,1218.6,2479421,35369
2022-11-18T00:00:00.000Z,1218.6,1229.75,1180.2,1201.3,2783924,28330
2022-11-19T00:00:00.000Z,1201.3,1234.5,1198.35,1213,2156838,21190
2022-11-20T00:00:00.000Z,1213,1232,1197.45,1215.95,1214595,13870
2022-11-21T00:00:00.000Z,1215.95,1224.65,1130.7,1142,2900619,33149
2022-11-22T00:00:00.000Z,1142,1145.75,1079,1106.7,3833028,41390
2022-11-23T00:00:00.000Z,1106.7,1142,1075,1138.7,2762726,31590
2022-11-24T00:00:00.000Z,1138.7,1191.2,1128.2,1184.45,2525745,32390
2022-11-25T00:00:00.000Z,1184.45,1216.35,1180.9,1203.35,2187217,24771
2022-11-26T00:00:00.000Z,1203.35,1207,1171.4,1199.35,1725872,26272
2022-11-27T00:00:00.000Z,1199.35,1233.8,1194.85,1204.3,1950126,21602
2022-11-28T00:00:00.000Z,1204.3,1221.75,1188,1193,2215324,19309
2022-11-29T00:00:00.000Z,1193,1198.55,1150.55,1168.5,2928966,34509
2022-11-30T00:00:00.000Z,1168.5,1230,1158.5,1216.7,3554900,36042
2022-12-01T00:00:00.000Z,1216.7,1311.45,1212.05,1296.55,3018596,31305
2022-12-02T00:00:00.000Z,1296.55,1300.3,1262.55,1276,2789701,25713
2022-12-03T00:00:00.000Z,1276,1298.9,1265.4,1296.35,2492476,24957
2022-12-04T00:00:00.000Z,1296.35,1310,1236.45,1241.2,2265350,23941
2022-12-05T00:00:00.000Z,1241.2,1288.1,1240.6,1280.2,1461488,21343
2022-12-06T00:00:00.000Z,1280.2,1305.9,1246.2,1260.2,2290714,28549
2022-12-07T00:00:00.000Z,1260.2,1276.35,1242.35,1272.7,1912485,23631
2022-12-08T00:00:00.000Z,1272.7,1278.9,1218.35,1231.9,3384947,33993
2022-12-09T00:00:00.000Z,1231.9,1294.5,1223.05,1281.25,3112185,35073
2022-12-10T00:00:00.000Z,1281.25,1296.1,1255.35,1263.6,3787933,29583
2022-12-11T00:00:00.000Z,1263.6,1284,1260.5,1265.8,1926099,16750
2022-12-12T00:00:00.000Z,1265.8,1284.95,1255.6,1262.35,2214952,20804
2022-12-13T00:00:00.000Z,1262.35,1280,1239.9,1275.75,2764481,25259
2022-12-14T00:00:00.000Z,1275.75,1347.95,1254.75,1321.4,3447750,38967
2022-12-15T00:00:00.000Z,1321.4,1352.8,1301.5,1308.6,2204524,30124
2022-12-16T00:00:00.000Z,1308.6,1311.85,1259.25,1266.4,2380195,27112
2022-12-17T00:00:00.000Z,1266.4,1280.95,1155.3,1167,3860324,46447
2022-12-18T00:00:00.000Z,1167,1190.7,1162.2,1187.15,1523749,25159
2022-12-19T00:00:00.000Z,1187.15,1195.45,1171.95,1182.55,1379416,17955
2022-12-20T00:00:00.000Z,1182.55,1194.9,1152.95,1168,2110449,29978
2022-12-21T00:00:00.000Z,1168,1230.75,1163.85,1216.1,2273150,36105
2022-12-22T00:00:00.000Z,1216.1,1221.65,1204.05,1213.35,1501608,21649
2022-12-23T00:00:00.000Z,1213.35,1238.9,1182.7,1218.1,2204076,29381
2022-12-24T00:00:00.000Z,1218.1,1231.4,1211.75,1219.8,1503700,22116
2022-12-25T00:00:00.000Z,1219.8,1226.45,1214.45,1220.4,860312,10688
2022-12-26T00:00:00.000Z,1220.4,1224.85,1192,1218,1931212,19126
2022-12-27T00:00:00.000Z,1218,1231.8,1212.25,1228.9,1350840,18115
2022-12-28T00:00:00.000Z,1228.9,1234.95,1200.3,1210.8,2003687,24463
2022-12-29T00:00:00.000Z,1210.8,1215.15,1181.9,1189.45,2071455,29523
2022-12-30T00:00:00.000Z,1189.45,1205.8,1186.55,1199.2,1983059,24318
2022-12-31T00:00:00.000Z,1199.2,1201.6,1180.45,1199.5,2272859,24189
2023-01-01T00:00:00.000Z,1199.5,1208,1191.4,1194.8,1423221,15532
2023-01-02T00:00:00.000Z,1194.8,1203.75,1190.2,1200.35,1008243,12241
2023-01-03T00:00:00.000Z,1200.35,1223.05,1192.65,1214.65,2328332,22532
2023-01-04T00:00:00.000Z,1214.65,1219.25,1204.9,1214.7,1923686,21382
2023-01-05T00:00:00.000Z,1214.7,1271.2,1213.15,1257.25,2804800,33921
2023-01-06T00:00:00.000Z,1257.25,1260.45,1241.35,1251.25,1385984,17535
2023-01-07T00:00:00.000Z,1251.25,1276.75,1234.1,1268.85,2458064,26188
2023-01-08T00:00:00.000Z,1268.85,1270.75,1261.6,1264,933405,9396
2023-01-09T00:00:00.000Z,1264,1295.3,1257.4,1290.7,1869884,22966
2023-01-10T00:00:00.000Z,1290.7,1345.55,1285.8,1321,3312337,39754
2023-01-11T00:00:00.000Z,1321,1347.9,1317.45,1335.6,2456130,30846
2023-01-12T00:00:00.000Z,1335.6,1401.6,1320.55,1390.1,3034419,34183
2023-01-13T00:00:00.000Z,1390.1,1439,1361.1,1417.55,4013418,55536
2023-01-14T00:00:00.000Z,1417.55,1465.95,1402.55,1451.7,2725728,42131
2023-01-15T00:00:00.000Z,1451.7,1640.05,1450.4,1550.9,4031538,59968
2023-01-16T00:00:00.000Z,1550.9,1571,1518.05,1553.5,1509902,31709
2023-01-17T00:00:00.000Z,1553.5,1607.75,1520.8,1578.45,2163926,42486
2023-01-18T00:00:00.000Z,1578.45,1613.4,1540.1,1566.5,1986735,39647
2023-01-19T00:00:00.000Z,1566.5,1610.4,1502.7,1513.15,3183689,54290
2023-01-20T00:00:00.000Z,1513.15,1565.45,1511.15,1552.25,1716613,28302
2023-01-21T00:00:00.000Z,1552.25,1676.35,1542.35,1660.8,2523151,39937
2023-01-22T00:00:00.000Z,1660.8,1681.5,1620.85,1628.3,2371437,33996
2023-01-23T00:00:00.000Z,1628.3,1665.05,1605.65,1628.65,2002642,33913
2023-01-24T00:00:00.000Z,1628.65,1649.75,1586.3,1627.95,2301533,34689
2023-01-25T00:00:00.000Z,1627.95,1642.8,1532,1557.05,2819417,41227
2023-01-26T00:00:00.000Z,1557.05,1643.6,1517.65,1613.1,2852536,45383
2023-01-27T00:00:00.000Z,1613.1,1633.55,1576.5,1602.9,1980585,34466
2023-01-28T00:00:00.000Z,1602.9,1622.55,1552.5,1599.4,4875875,43364
2023-01-29T00:00:00.000Z,1599.4,1607.35,1556.45,1573.2,4375405,31316
2023-01-30T00:00:00.000Z,1573.2,1663.05,1566.95,1646.95,3116701,43225
2023-01-31T00:00:00.000Z,1646.95,1650.05,1533.4,1567.2,3691504,60845
2023-02-01T00:00:00.000Z,1567.2,1605.8,1562.4,1586.65,2251506,51832
2023-02-02T00:00:00.000Z,1586.65,1649.5,1555.3,1642.7,3008215,48872
2023-02-03T00:00:00.000Z,1642.7,1716.55,1628.4,1645.45,3351056,54705
2023-02-04T00:00:00.000Z,1645.45,1676.65,1626.65,1665,2087261,40504
2023-02-05T00:00:00.000Z,1665,1696.5,1647.05,1666.15,1850073,32578
2023-02-06T00:00:00.000Z,1666.15,1675,1611,1630.7,2437949,43218
2023-02-07T00:00:00.000Z,1630.7,1660.5,1605.25,1614.75,2532440,40640
2023-02-08T00:00:00.000Z,1614.75,1680.55,1613.8,1672.2,2706777,45289
2023-02-09T00:00:00.000Z,1672.2,1699,1631.4,1651.65,2580618,44018
2023-02-10T00:00:00.000Z,1651.65,1656.3,1525,1545.55,4953187,63247
2023-02-11T00:00:00.000Z,1545.55,1555.95,1492.6,1515,3083642,42174
2023-02-12T00:00:00.000Z,1515,1545.75,1506.9,1539.9,1624751,23962
2023-02-13T00:00:00.000Z,1539.9,1550,1492.8,1517.3,2569454,34308
2023-02-14T00:00:00.000Z,1517.3,1527.8,1464.75,1505.45,5179297,63142
2023-02-15T00:00:00.000Z,1505.45,1569.4,1489.45,1557.45,4490779,45211
2023-02-16T00:00:00.000Z,1557.45,1685,1543.55,1676.8,3331498,43495
2023-02-17T00:00:00.000Z,1676.8,1744.55,1634.1,1638.3,3872744,54981
2023-02-18T00:00:00.000Z,1638.3,1724.1,1631.85,1695.8,2487656,44800
2023-02-19T00:00:00.000Z,1695.8,1716.05,1680.05,1693.2,1372726,23551
2023-02-20T00:00:00.000Z,1693.2,1730.35,1666.1,1681.3,2208009,39149
2023-02-21T00:00:00.000Z,1681.3,1719.95,1651.45,1705.5,2561028,43863
2023-02-22T00:00:00.000Z,1705.5,1717.9,1636.45,1660,2513405,48556
2023-02-23T00:00:00.000Z,1660,1667.65,1597.05,1644.7,3149934,53097
2023-02-24T00:00:00.000Z,1644.7,1681.6,1629.6,1651.25,2847833,52280
2023-02-25T00:00:00.000Z,1651.25,1665.3,1575.85,1608.1,2232367,39316
2023-02-26T00:00:00.000Z,1608.1,1609.3,1557.6,1596.2,2016459,36364
2023-02-27T00:00:00.000Z,1596.2,1652.7,1588.9,1642.55,2474461,31020
2023-02-28T00:00:00.000Z,1642.55,1665.9,1608.8,1633.25,2858451,43284
2023-03-01T00:00:00.000Z,1633.25,1648.65,1595.5,1605.6,2466032,40905
2023-03-02T00:00:00.000Z,1605.6,1672.2,1595.2,1666.9,3037922,47562
2023-03-03T00:00:00.000Z,1666.9,1680.6,1617.9,1647.65,2996031,48490
2023-03-04T00:00:00.000Z,1647.65,1649.3,1525.25,1571.9,3885523,49383
2023-03-05T00:00:00.000Z,1571.9,1579.65,1548.55,1569.15,2180010,27734
2023-03-06T00:00:00.000Z,1569.15,1591.55,1553.25,1563.8,3233900,35061
2023-03-07T00:00:00.000Z,1563.8,1584.65,1553.55,1564.8,3363380,42312
2023-03-08T00:00:00.000Z,1564.8,1583.5,1533.9,1563.3,5031714,56932
2023-03-09T00:00:00.000Z,1563.3,1572.95,1521.5,1531.5,5144100,61842
2023-03-10T00:00:00.000Z,1531.5,1545.55,1406.65,1437.9,4308591,55971
2023-03-11T00:00:00.000Z,1437.9,1439.9,1370,1429.45,5170419,82379
2023-03-12T00:00:00.000Z,1429.45,1491.2,1414.35,1480.75,4187256,81261
2023-03-13T00:00:00.000Z,1480.75,1609.75,1457.75,1590.15,4103163,74016
2023-03-14T00:00:00.000Z,1590.15,1718.95,1570,1681.3,3822260,80218
2023-03-15T00:00:00.000Z,1681.3,1787.35,1663.75,1706.05,4278449,98100
2023-03-16T00:00:00.000Z,1706.05,1724,1614.2,1656.95,2509040,71443
2023-03-17T00:00:00.000Z,1656.95,1698.45,1638.15,1677.5,2181463,54462
2023-03-18T00:00:00.000Z,1677.5,1804.95,1667,1795,2595171,72569
2023-03-19T00:00:00.000Z,1795,1847.45,1751.35,1765.4,2685435,62104
2023-03-20T00:00:00.000Z,1765.4,1847.35,1764.75,1783.35,2105219,51393
2023-03-21T00:00:00.000Z,1783.35,1810.45,1728.65,1739.5,2333662,69036
2023-03-22T00:00:00.000Z,1739.5,1841.5,1722.65,1806.2,2519132,60830
2023-03-23T00:00:00.000Z,1806.2,1826.55,1714.8,1738.95,3045970,75193
2023-03-24T00:00:00.000Z,1738.95,1863.6,1732.8,1817.5,2244510,50824
2023-03-25T00:00:00.000Z,1817.5,1821.75,1727.2,1753.25,2169666,56175
2023-03-26T00:00:00.000Z,1753.25,1767.9,1715.35,1747.2,1729763,41427
2023-03-27T00:00:00.000Z,1747.2,1802.3,1743.9,1775.45,2027911,43894
2023-03-28T00:00:00.000Z,1775.45,1782.55,1687.7,1715.9,2599093,51084
2023-03-29T00:00:00.000Z,1715.9,1798.3,1702.45,1774.35,2387640,53111
2023-03-30T00:00:00.000Z,1774.35,1829.85,1773.8,1795.6,2376501,53346
2023-03-31T00:00:00.000Z,1795.6,1833.85,1762,1794.75,2517632,49637
2023-04-01T00:00:00.000Z,1794.75,1849.65,1779.9,1823.3,2246691,46117
2023-04-02T00:00:00.000Z,1823.3,1843.8,1810.05,1822.35,1651294,24661
2023-04-03T00:00:00.000Z,1822.35,1827.55,1773,1794.8,1973995,30258
2023-04-04T00:00:00.000Z,1794.8,1842.45,1762.8,1811.1,2966687,59445
2023-04-05T00:00:00.000Z,1811.1,1894.15,1803.3,1873.25,3225946,50380
2023-04-06T00:00:00.000Z,1873.25,1945.35,1867.1,1909.55,2244977,40377
2023-04-07T00:00:00.000Z,1909.55,1910.5,1856.25,1873.8,1589666,29641
2023-04-08T00:00:00.000Z,1873.8,1886.25,1840.45,1863.95,1528042,31412
2023-04-09T00:00:00.000Z,1863.95,1881.9,1845.7,1849.8,1358501,19582
2023-04-10T00:00:00.000Z,1849.8,1877.45,1824.15,1860.5,1694375,25908
2023-04-11T00:00:00.000Z,1860.5,1921.2,1847.45,1912.95,1866534,28355
2023-04-12T00:00:00.000Z,1912.95,1940.4,1883,1892.05,1999786,29593
2023-04-13T00:00:00.000Z,1892.05,1936.7,1853.4,1920.8,2366009,38654
2023-04-14T00:00:00.000Z,1920.8,2025.25,1901,2015.2,2947333,43033
2023-04-15T00:00:00.000Z,2015.2,2144.2,2010.65,2102.3,2934017,45232
2023-04-16T00:00:00.000Z,2102.3,2114.25,2075.8,2092.2,1118162,22590
2023-04-17T00:00:00.000Z,2092.2,2146.25,2074.1,2120.35,1691477,35269
2023-04-18T00:00:00.000Z,2120.35,2120.85,2060,2077.3,1951434,35780
2023-04-19T00:00:00.000Z,2077.3,2125.55,2052.25,2106.4,1729413,32773
2023-04-20T00:00:00.000Z,2106.4,2107.75,1922.85,1935.9,3108156,48222
2023-04-21T00:00:00.000Z,1935.9,1985.95,1916.15,1943.85,1788259,33738
2023-04-22T00:00:00.000Z,1943.85,1957.4,1826.25,1851.8,2138684,38201
2023-04-23T00:00:00.000Z,1851.8,1887.55,1844.3,1873.75,1214678,22420
2023-04-24T00:00:00.000Z,1873.75,1884.75,1837.95,1862.7,1923570,29379
2023-04-25T00:00:00.000Z,1862.7,1892.85,1806.95,1842.6,2222272,41368
2023-04-26T00:00:00.000Z,1842.6,1878.8,1802.1,1866.3,1978724,39512
2023-04-27T00:00:00.000Z,1866.3,1967.3,1783.2,1868.9,3629771,60346
2023-04-28T00:00:00.000Z,1868.9,1941.95,1863,1910.8,1869587,45603
2023-04-29T00:00:00.000Z,1910.8,1925,1876.65,1894.25,1123456,31637
2023-04-30T00:00:00.000Z,1894.25,1920.2,1884.6,1910.85,1021646,23520
2023-05-01T00:00:00.000Z,1910.85,1940.5,1866,1871.65,1896311,39185
2023-05-02T00:00:00.000Z,1871.65,1888.55,1808.7,1831.9,1826431,41376
2023-05-03T00:00:00.000Z,1831.9,1884.25,1824.1,1871.35,1540054,39005
2023-05-04T00:00:00.000Z,1871.35,1917.55,1844.6,1905.45,2354274,50643
2023-05-05T00:00:00.000Z,1905.45,1919.9,1868.25,1878.55,1345012,30503
2023-05-06T00:00:00.000Z,1878.55,2008.05,1877.55,1997.45,2443760,44406
2023-05-07T00:00:00.000Z,1997.45,2023.85,1862.25,1900.15,2727847,50769
2023-05-08T00:00:00.000Z,1900.15,1937.3,1871.8,1873.75,1764823,35206
2023-05-09T00:00:00.000Z,1873.75,1887.5,1811.65,1848.95,2508105,48660
2023-05-10T00:00:00.000Z,1848.95,1864.15,1833.35,1848.2,1348097,31610
2023-05-11T00:00:00.000Z,1848.2,1889.95,1790.75,1843.9,2763331,44730
2023-05-12T00:00:00.000Z,1843.9,1845.2,1774.35,1796.15,1794357,37450
2023-05-13T00:00:00.000Z,1796.15,1819,1739.75,1808.85,2209895,45335
2023-05-14T00:00:00.000Z,1808.85,1818.75,1787.3,1797.2,1202407,25318
2023-05-15T00:00:00.000Z,1797.2,1826.25,1793.15,1800.9,1653759,32511
2023-05-16T00:00:00.000Z,1800.9,1849.4,1786.75,1818.2,2293350,42147
2023-05-17T00:00:00.000Z,1818.2,1833.5,1796.85,1825.05,2180392,37133
2023-05-18T00:00:00.000Z,1825.05,1837.95,1784.7,1823.05,2357725,43521
2023-05-19T00:00:00.000Z,1823.05,1833.5,1771.6,1802.8,2385179,41850
2023-05-20T00:00:00.000Z,1802.8,1832.2,1798.5,1812.45,1781136,30069
2023-05-21T00:00:00.000Z,1812.45,1830.7,1807,1819.3,1295194,19669
2023-05-22T00:00:00.000Z,1819.3,1830.65,1798.75,1807.8,1650271,24600
2023-05-23T00:00:00.000Z,1807.8,1830.45,1793.65,1819.05,2282101,33589
2023-05-24T00:00:00.000Z,1819.05,1879.7,1816.4,1854.9,2486536,35754
2023-05-25T00:00:00.000Z,1854.9,1855.55,1776.25,1800.8,2637675,45827
2023-05-26T00:00:00.000Z,1800.8,1820,1760.65,1807.3,2197789,34489
2023-05-27T00:00:00.000Z,1807.3,1840,1797.3,1829.3,1847693,31552
2023-05-28T00:00:00.000Z,1829.3,1836.9,1814,1831.55,1236246,19439
2023-05-29T00:00:00.000Z,1831.55,1931.85,1825.15,1912.05,1380549,28334
2023-05-30T00:00:00.000Z,1912.05,1931.7,1875.45,1893.4,1099886,29467
2023-05-31T00:00:00.000Z,1893.4,1918.55,1882.35,1904.1,1095882,29007
2023-06-01T00:00:00.000Z,1904.1,1908.65,1845.65,1875.25,1219332,27433
2023-06-02T00:00:00.000Z,1875.25,1891.1,1838.05,1863.55,1799470,34557
2023-06-03T00:00:00.000Z,1863.55,1913.75,1849.25,1907.6,1742982,33795
2023-06-04T00:00:00.000Z,1907.6,1909.2,1882.25,1892.45,577054,12030
2023-06-05T00:00:00.000Z,1892.45,1916.65,1885.3,1890.7,594962,15126
2023-06-06T00:00:00.000Z,1890.7,1891.45,1777.25,1811.95,1999900,34741
2023-06-07T00:00:00.000Z,1811.95,1900,1798.1,1885.7,1165780,31787
2023-06-08T00:00:00.000Z,1885.7,1898.85,1822.1,1833.95,913209,31246
2023-06-09T00:00:00.000Z,1833.95,1862.85,1829.7,1847.75,807268,17536
2023-06-10T00:00:00.000Z,1847.75,1856.9,1827.65,1843.2,921469,17632
2023-06-11T00:00:00.000Z,1843.2,1847.3,1716.6,1752.7,3339318,53175
2023-06-12T00:00:00.000Z,1752.7,1779.4,1740.6,1755.5,1574153,26185
2023-06-13T00:00:00.000Z,1755.5,1761.5,1720.75,1744.9,2275173,35567
2023-06-14T00:00:00.000Z,1744.9,1766.95,1725.9,1739.75,2464075,41702
2023-06-15T00:00:00.000Z,1739.75,1751.3,1630.95,1651.6,3296985,51102
2023-06-16T00:00:00.000Z,1651.6,1680.95,1625.5,1666.6,2214594,34768
2023-06-17T00:00:00.000Z,1666.6,1728.45,1650,1719.15,2480089,36654
2023-06-18T00:00:00.000Z,1719.15,1773.85,1715.55,1729.15,1253746,18536
2023-06-19T00:00:00.000Z,1729.15,1749.5,1713.1,1720.75,899081,16645
2023-06-20T00:00:00.000Z,1720.75,1753.4,1700.25,1738.35,1980307,29575
2023-06-21T00:00:00.000Z,1738.35,1796.6,1713.6,1792.8,3021468,42337
2023-06-22T00:00:00.000Z,1792.8,1903.85,1789.55,1892.3,3375070,52540
2023-06-23T00:00:00.000Z,1892.3,1934.4,1866.85,1874.05,2139684,35375
2023-06-24T00:00:00.000Z,1874.05,1939.55,1862.65,1896.05,2424373,39942
2023-06-25T00:00:00.000Z,1896.05,1907.45,1865.95,1875.6,1446762,29610
2023-06-26T00:00:00.000Z,1875.6,1933.15,1870,1899.95,1910750,36619
2023-06-27T00:00:00.000Z,1899.95,1910.8,1838.3,1859.95,2688502,43266
2023-06-28T00:00:00.000Z,1859.95,1914.5,1855.45,1892.15,2089735,36073
2023-06-29T00:00:00.000Z,1892.15,1892.4,1815,1829.45,2193052,37637
2023-06-30T00:00:00.000Z,1829.45,1881,1829.25,1853,1603365,30321
2023-07-01T00:00:00.000Z,1853,1948.4,1824.55,1935.65,2820751,45680
2023-07-02T00:00:00.000Z,1935.65,1945.4,1911.2,1924.25,1152877,21407
2023-07-03T00:00:00.000Z,1924.25,1964,1883.5,1939.8,1883396,31423
2023-07-04T00:00:00.000Z,1939.8,1978.55,1936.4,1956.4,2000519,27329
2023-07-05T00:00:00.000Z,1956.4,1967.3,1932.35,1937.55,1508377,22476
2023-07-06T00:00:00.000Z,1937.55,1944.3,1896.45,1910.45,1792319,24661
2023-07-07T00:00:00.000Z,1910.45,1959.55,1846.65,1846.65,2730473,44963
2023-07-08T00:00:00.000Z,1846.65,1879.95,1826.95,1872.35,1674977,27536
2023-07-09T00:00:00.000Z,1872.35,1875.45,1842.65,1866.9,1646148,25945
2023-07-10T00:00:00.000Z,1866.9,1881.6,1856.45,1864.75,1373898,22003
2023-07-11T00:00:00.000Z,1864.75,1908.45,1846.7,1883,2371782,34227
2023-07-12T00:00:00.000Z,1883,1892.2,1863.7,1878.5,1586589,22509
2023-07-13T00:00:00.000Z,1878.5,1904,1865,1873,1906080,26983
2023-07-14T00:00:00.000Z,1873,2016.6,1863.35,2006.45,3150057,37494
2023-07-15T00:00:00.000Z,2006.45,2031.95,1897.1,1939.2,2799345,38287
2023-07-16T00:00:00.000Z,1939.2,1946.85,1927,1932.1,1014169,17627
2023-07-17T00:00:00.000Z,1932.1,1946.05,1915.25,1923.4,1413271,21590
2023-07-18T00:00:00.000Z,1923.4,1937.65,1872.7,1911.8,2088504,25762
2023-07-19T00:00:00.000Z,1911.8,1918.15,1876.6,1898.6,1655571,24570
2023-07-20T00:00:00.000Z,1898.6,1925.35,1882.55,1888.25,1979156,28588
2023-07-21T00:00:00.000Z,1888.25,1931.15,1877.7,1892.5,2027106,28067
2023-07-22T00:00:00.000Z,1892.5,1907.95,1885.4,1891.55,1643840,24007
2023-07-23T00:00:00.000Z,1891.55,1897.45,1850.1,1866,1390207,18122
2023-07-24T00:00:00.000Z,1866,1906.95,1859.3,1888.65,1465382,22540
2023-07-25T00:00:00.000Z,1888.65,1891.2,1832.15,1850,1709390,26019
2023-07-26T00:00:00.000Z,1850,1870.4,1846.75,1858.35,1249859,20616
2023-07-27T00:00:00.000Z,1858.35,1889,1850.45,1874.15,1631746,25493
2023-07-28T00:00:00.000Z,1874.15,1887.95,1855.6,1863.05,1311742,20346
2023-07-29T00:00:00.000Z,1863.05,1884.35,1856.95,1876.2,1315559,18420
2023-07-30T00:00:00.000Z,1876.2,1889.4,1871,1882.8,981512,13143
2023-07-31T00:00:00.000Z,1882.8,1886.85,1849.55,1861.95,1632879,21850
2023-08-01T00:00:00.000Z,1861.95,1879.15,1851.7,1857.65,1515674,21168
2023-08-02T00:00:00.000Z,1857.65,1876.2,1809.9,1874.95,2252320,29606
2023-08-03T00:00:00.000Z,1874.95,1880.5,1820.3,1840.1,1648431,20798
2023-08-04T00:00:00.000Z,1840.1,1859.3,1825.95,1834.8,1290567,21066
2023-08-05T00:00:00.000Z,1834.8,1851.4,1813.55,1828.8,1314397,21519
2023-08-06T00:00:00.000Z,1828.8,1838.55,1826.55,1836.2,643565,10904
2023-08-07T00:00:00.000Z,1836.2,1838,1825.75,1829,925794,13462
2023-08-08T00:00:00.000Z,1829,1846,1800.1,1827.4,1917757,28647
2023-08-09T00:00:00.000Z,1827.4,1877.25,1825.65,1857.3,1413929,22019
2023-08-10T00:00:00.000Z,1857.3,1872.55,1846.05,1855.7,978824,17987
2023-08-11T00:00:00.000Z,1855.7,1865.9,1843.9,1852.5,999226,17195
2023-08-12T00:00:00.000Z,1852.5,1856.9,1836.8,1848.4,966236,17066
2023-08-13T00:00:00.000Z,1848.4,1853.45,1845.55,1849.05,449970,6883
2023-08-14T00:00:00.000Z,1849.05,1863.3,1833.2,1839.7,1163148,18324
2023-08-15T00:00:00.000Z,1839.7,1855.65,1834,1845.75,931305,18507
2023-08-16T00:00:00.000Z,1845.75,1847,1811.15,1828.35,1119140,17346
2023-08-17T00:00:00.000Z,1828.35,1831,1795,1805.95,1046972,17073
2023-08-18T00:00:00.000Z,1805.95,1808.2,1479.15,1679.7,4309694,51648
2023-08-19T00:00:00.000Z,1679.7,1697.8,1641.25,1661.95,1429901,23270
2023-08-20T00:00:00.000Z,1661.95,1697.85,1655,1669.45,901221,20969
2023-08-21T00:00:00.000Z,1669.45,1694.75,1662.75,1685.25,760933,13746
2023-08-22T00:00:00.000Z,1685.25,1688.6,1649.35,1668.45,1092910,20539
2023-08-23T00:00:00.000Z,1668.45,1670.45,1581,1635,1705402,18687
2023-08-24T00:00:00.000Z,1635,1703.45,1630.35,1680.3,1347863,16723
2023-08-25T00:00:00.000Z,1680.3,1684.1,1636.2,1661.1,1157706,12764
2023-08-26T00:00:00.000Z,1661.1,1677.85,1636.2,1653.15,889054,13189
2023-08-27T00:00:00.000Z,1653.15,1655.45,1643.65,1647.4,564381,6718
2023-08-28T00:00:00.000Z,1647.4,1660.6,1646.1,1658.85,560311,7066
2023-08-29T00:00:00.000Z,1658.85,1664,1621.85,1653.35,1456265,18936
2023-08-30T00:00:00.000Z,1653.35,1747,1640.3,1730.7,1770599,22576
2023-08-31T00:00:00.000Z,1730.7,1731.65,1696,1705.4,899802,13956
2023-09-01T00:00:00.000Z,1705.4,1728,1630.85,1647.45,1525923,25116
2023-09-02T00:00:00.000Z,1647.45,1655.85,1602.7,1629.35,1185683,18382
2023-09-03T00:00:00.000Z,1629.35,1645.7,1628.9,1638.25,656873,8864
2023-09-04T00:00:00.000Z,1638.25,1648.35,1625.75,1635.95,755121,11838
2023-09-05T00:00:00.000Z,1635.95,1645.15,1617.6,1631.1,838521,11494
2023-09-06T00:00:00.000Z,1631.1,1648.8,1609.7,1633.8,988162,15515
2023-09-07T00:00:00.000Z,1633.8,1672.25,1608.1,1633,1609220,19725
2023-09-08T00:00:00.000Z,1633,1660.65,1624.05,1649.1,1268387,13911
2023-09-09T00:00:00.000Z,1649.1,1659.9,1616.05,1636.7,1214006,15247
2023-09-10T00:00:00.000Z,1636.7,1638.45,1631.1,1636.45,194354,4337
2023-09-11T00:00:00.000Z,1636.45,1636.7,1594.5,1618.4,1138900,12384
2023-09-12T00:00:00.000Z,1618.4,1620.1,1531.2,1551.7,2012878,19201
2023-09-13T00:00:00.000Z,1551.7,1626.7,1549,1594.25,1988533,23905
2023-09-14T00:00:00.000Z,1594.25,1620.6,1582.8,1608.6,1300690,17446
2023-09-15T00:00:00.000Z,1608.6,1645.3,1607.95,1628.7,1259906,16038
2023-09-16T00:00:00.000Z,1628.7,1654.95,1612.8,1642.45,1027346,15759
2023-09-17T00:00:00.000Z,1642.45,1653.65,1632.25,1635.65,583727,8824
2023-09-18T00:00:00.000Z,1635.65,1636,1612.65,1623.55,1014583,12033
2023-09-19T00:00:00.000Z,1623.55,1671.2,1604,1638.4,1478571,22983
2023-09-20T00:00:00.000Z,1638.4,1661.35,1627.25,1644.7,1066864,16699
2023-09-21T00:00:00.000Z,1644.7,1649.9,1605,1623.3,1178447,18010
2023-09-22T00:00:00.000Z,1623.3,1625.95,1567.6,1585.1,1342418,17984
2023-09-23T00:00:00.000Z,1585.1,1603.4,1577.55,1594.45,769857,11422
2023-09-24T00:00:00.000Z,1594.45,1599,1588.35,1595.05,431520,5751
2023-09-25T00:00:00.000Z,1595.05,1602.5,1570.9,1580.5,1027211,15716
2023-09-26T00:00:00.000Z,1580.5,1598.5,1563.85,1588.75,1385823,17236
2023-09-27T00:00:00.000Z,1588.75,1600,1581.1,1594.85,720295,11396
2023-09-28T00:00:00.000Z,1594.85,1634.5,1582.35,1598.35,1441860,19923
2023-09-29T00:00:00.000Z,1598.35,1669,1598.2,1653,1254265,16631
2023-09-30T00:00:00.000Z,1653,1689.2,1649.8,1668.2,1251303,16337
2023-10-01T00:00:00.000Z,1668.2,1696.25,1666.4,1671.45,716874,13202
2023-10-02T00:00:00.000Z,1671.45,1780.55,1669.3,1734.5,1473533,19471
2023-10-03T00:00:00.000Z,1734.5,1745.6,1634.45,1663.6,1808179,25484
2023-10-04T00:00:00.000Z,1663.6,1671.2,1643.6,1658.1,574059,9427
2023-10-05T00:00:00.000Z,1658.1,1658.85,1620.2,1648.05,966782,14247
2023-10-06T00:00:00.000Z,1648.05,1655.6,1607.5,1612.3,1023272,15923
2023-10-07T00:00:00.000Z,1612.3,1664.85,1612.15,1647.25,956218,15395
2023-10-08T00:00:00.000Z,1647.25,1649.6,1631.95,1635.45,384193,5972
2023-10-09T00:00:00.000Z,1635.45,1643.35,1618,1635.05,678953,10093
2023-10-10T00:00:00.000Z,1635.05,1637.4,1546.05,1580.65,1559862,18103
2023-10-11T00:00:00.000Z,1580.65,1596.1,1551.55,1568.15,822839,11814
2023-10-12T00:00:00.000Z,1568.15,1579.45,1544.95,1567.65,1268594,22009
2023-10-13T00:00:00.000Z,1567.65,1569.1,1519.95,1540.75,1626485,21997
2023-10-14T00:00:00.000Z,1540.75,1577.2,1537.8,1552.8,1222109,17510
2023-10-15T00:00:00.000Z,1552.8,1562.55,1545.45,1555.55,484030,6162
2023-10-16T00:00:00.000Z,1555.55,1567.25,1548.8,1557.6,995372,18666
2023-10-17T00:00:00.000Z,1557.6,1643,1555.05,1599.85,2213921,29129
2023-10-18T00:00:00.000Z,1599.85,1601.15,1551.65,1565,908917,20797
2023-10-19T00:00:00.000Z,1565,1586.4,1556.15,1563.6,802688,11622
2023-10-20T00:00:00.000Z,1563.6,1575.8,1541.7,1566.9,644285,12816
2023-10-21T00:00:00.000Z,1566.9,1632.65,1562,1604.9,889925,23100
2023-10-22T00:00:00.000Z,1604.9,1645.4,1593.35,1630.5,526094,11741
2023-10-23T00:00:00.000Z,1630.5,1669.1,1623.1,1664.85,729133,13547
2023-10-24T00:00:00.000Z,1664.85,1807.65,1659.25,1770.15,2068091,34326
2023-10-25T00:00:00.000Z,1770.15,1856.55,1756.55,1786.5,2091881,35254
2023-10-26T00:00:00.000Z,1786.5,1820.25,1761.7,1789.4,756201,21044
2023-10-27T00:00:00.000Z,1789.4,1869.45,1764.1,1804.85,995100,22700
2023-10-28T00:00:00.000Z,1804.85,1805.1,1746.15,1782,761728,17668
2023-10-29T00:00:00.000Z,1782,1804.6,1771.45,1777.2,452314,13652
2023-10-30T00:00:00.000Z,1777.2,1813.65,1763.15,1796.85,487916,12131
2023-10-31T00:00:00.000Z,1796.85,1834.3,1778.05,1811.55,1000079,23979
2023-11-01T00:00:00.000Z,1811.55,1821.85,1782.9,1817.7,741078,17549
2023-11-02T00:00:00.000Z,1817.7,1863.2,1784.25,1849.5,1034285,24923
2023-11-03T00:00:00.000Z,1849.5,1877.9,1785.15,1801.8,975088,29502
2023-11-04T00:00:00.000Z,1801.8,1836.9,1778.5,1834.3,733964,14984
2023-11-05T00:00:00.000Z,1834.3,1873.8,1825.95,1858.3,375666,12514
2023-11-06T00:00:00.000Z,1858.3,1916.8,1849,1895.5,970323,23894
2023-11-07T00:00:00.000Z,1895.5,1918.2,1871.95,1902.75,654495,22380
2023-11-08T00:00:00.000Z,1902.75,1910.5,1851.75,1887.95,792009,26908
2023-11-09T00:00:00.000Z,1887.95,1907.55,1875,1890.35,557955,16270
2023-11-10T00:00:00.000Z,1890.35,2136.5,1884.05,2124.85,2450671,50446
2023-11-11T00:00:00.000Z,2124.85,2140,2067.7,2080.9,1114313,27969
2023-11-12T00:00:00.000Z,2080.9,2092.7,2032,2056.15,688719,19978
2023-11-13T00:00:00.000Z,2056.15,2070.5,2015,2046.8,611248,22144
2023-11-14T00:00:00.000Z,2046.8,2122.45,2030.95,2055.35,1113851,25786
2023-11-15T00:00:00.000Z,2055.35,2067.3,1918.8,1980.55,1454553,25683
2023-11-16T00:00:00.000Z,1980.55,2066.75,1967.95,2063.1,1046296,24697
2023-11-17T00:00:00.000Z,2063.1,2092.95,1939.7,1963.4,1654249,37017
2023-11-18T00:00:00.000Z,1963.4,1991.9,1906.15,1963.35,905661,26007
2023-11-19T00:00:00.000Z,1963.35,1974.5,1918.1,1965.05,455027,15107
2023-11-20T00:00:00.000Z,1965.05,2018,1946.05,2013.85,487808,19268
2023-11-21T00:00:00.000Z,2013.85,2070.5,1993.3,2024.6,884530,24348
2023-11-22T00:00:00.000Z,2024.6,2037.4,1932.9,1934.75,1057852,23950
2023-11-23T00:00:00.000Z,1934.75,2095.75,1924.95,2066.75,802163,22250
2023-11-24T00:00:00.000Z,2066.75,2091.05,2041.55,2063.4,464128,13064
2023-11-25T00:00:00.000Z,2063.4,2137.6,2061.4,2081.85,962256,20119
2023-11-26T00:00:00.000Z,2081.85,2092.85,2068,2086,209540,10613
2023-11-27T00:00:00.000Z,2086,2097.4,2036.8,2064.6,746002,21338
2023-11-28T00:00:00.000Z,2064.6,2073.7,1987.05,2028.95,861260,18831
2023-11-29T00:00:00.000Z,2028.95,2078,1996.1,2051.3,736992,15873
2023-11-30T00:00:00.000Z,2051.3,2077.8,2021.1,2031.95,505625,11438
2023-12-01T00:00:00.000Z,2031.95,2056.3,2022.1,2053.15,511984,10610
2023-12-02T00:00:00.000Z,2053.15,2113.5,2046.35,2088.5,913607,19334
2023-12-03T00:00:00.000Z,2088.5,2199,2088,2168.8,889530,21985
2023-12-04T00:00:00.000Z,2168.8,2221.4,2151.35,2195.85,628982,17731
2023-12-05T00:00:00.000Z,2195.85,2277.95,2194.45,2245.55,1072656,26039
2023-12-06T00:00:00.000Z,2245.55,2312.45,2190.3,2295.2,1144683,26330
2023-12-07T00:00:00.000Z,2295.2,2314.4,2220.1,2234.4,732572,19184
2023-12-08T00:00:00.000Z,2234.4,2387.2,2223.4,2358.75,919580,26423
2023-12-09T00:00:00.000Z,2358.75,2396.05,2337.55,2361.3,842007,21506
2023-12-10T00:00:00.000Z,2361.3,2408,2331.45,2343.2,676327,17251
2023-12-11T00:00:00.000Z,2343.2,2380.9,2325,2354.4,372688,10999
2023-12-12T00:00:00.000Z,2354.4,2356.2,2120.55,2226.85,1818368,36634
2023-12-13T00:00:00.000Z,2226.85,2245.6,2167.15,2203.4,687949,16398
2023-12-14T00:00:00.000Z,2203.4,2286,2146.65,2263,749490,20931
2023-12-15T00:00:00.000Z,2263,2335.45,2221.4,2318.3,881958,23533
2023-12-16T00:00:00.000Z,2318.3,2321.25,2199.75,2222.4,638040,16184
2023-12-17T00:00:00.000Z,2222.4,2264.75,2212.7,2228.85,244927,8720
2023-12-18T00:00:00.000Z,2228.85,2248.4,2190.95,2195.9,366691,10659
2023-12-19T00:00:00.000Z,2195.9,2225.6,2116.2,2220.6,651551,19248
2023-12-20T00:00:00.000Z,2220.6,2256.65,2136.7,2178.8,570952,21988
2023-12-21T00:00:00.000Z,2178.8,2268.95,2157.8,2204.65,805932,25164
2023-12-22T00:00:00.000Z,2204.65,2282.3,2185.45,2242.3,720910,20233
2023-12-23T00:00:00.000Z,2242.3,2347.75,2232.9,2328.15,1104443,34078
2023-12-24T00:00:00.000Z,2328.15,2334.4,2268.65,2311.5,338261,11578
2023-12-25T00:00:00.000Z,2311.5,2329.85,2246.2,2266.5,791101,22386
2023-12-26T00:00:00.000Z,2266.5,2309.8,2255.45,2273.2,403049,16291
2023-12-27T00:00:00.000Z,2273.2,2276.75,2180.35,2231.95,869359,27087
2023-12-28T00:00:00.000Z,2231.95,2395.95,2213.65,2382.1,979709,31258
2023-12-29T00:00:00.000Z,2382.1,2450.8,2338.25,2347.35,1412836,38449
2023-12-30T00:00:00.000Z,2347.35,2389.5,2257.2,2300.25,1192571,31849
2023-12-31T00:00:00.000Z,2300.25,2325.65,2270.45,2294.55,413535,15285
2024-01-01T00:00:00.000Z,2294.55,2323.2,2260,2283.3,427162,14140
2024-01-02T00:00:00.000Z,2283.3,2356.45,2267.35,2356.1,492414,16416
2024-01-03T00:00:00.000Z,2356.1,2436.8,2342.6,2358,1161141,39286
2024-01-04T00:00:00.000Z,2358,2388.3,2063.7,2212.5,1839580,44488
2024-01-05T00:00:00.000Z,2212.5,2298.95,2204.65,2271.05,595914,20111
2024-01-06T00:00:00.000Z,2271.05,2280.65,2209.25,2272.2,681444,23679
2024-01-07T00:00:00.000Z,2272.2,2273.55,2220.1,2244.5,234262,10245
2024-01-08T00:00:00.000Z,2244.5,2261.55,2207.9,2225.45,398716,14934
2024-01-09T00:00:00.000Z,2225.45,2361.8,2167.5,2334.4,1037718,33458
2024-01-10T00:00:00.000Z,2334.4,2378.4,2227.9,2347.45,1259036,34712
2024-01-11T00:00:00.000Z,2347.45,2649.15,2343.9,2587,1822835,60042
2024-01-12T00:00:00.000Z,2587,2693.15,2568.7,2620,1023923,36803
2024-01-13T00:00:00.000Z,2620,2720.6,2459.95,2522.85,1539437,61850
2024-01-14T00:00:00.000Z,2522.85,2591.9,2498.75,2579.2,402187,20093
2024-01-15T00:00:00.000Z,2579.2,2580.3,2471,2474.15,428876,15549
2024-01-16T00:00:00.000Z,2474.15,2554.3,2472.4,2512.15,376765,16727
2024-01-17T00:00:00.000Z,2512.15,2614.9,2500.2,2588.8,425352,21592
2024-01-18T00:00:00.000Z,2588.8,2594.15,2506.8,2531.75,332986,17094
2024-01-19T00:00:00.000Z,2531.75,2549.25,2426.9,2472.45,603846,19391
2024-01-20T00:00:00.000Z,2472.45,2504,2413.05,2491.8,608627,21926
2024-01-21T00:00:00.000Z,2491.8,2491.95,2453.9,2472.7,187321,9292
2024-01-22T00:00:00.000Z,2472.7,2483.4,2451.9,2457.1,291830,8894
2024-01-23T00:00:00.000Z,2457.1,2466.15,2303.45,2313.2,835188,23076
2024-01-24T00:00:00.000Z,2313.2,2351.65,2167.55,2243.5,850197,31252
2024-01-25T00:00:00.000Z,2243.5,2264,2197.1,2234.95,398071,14862
2024-01-26T00:00:00.000Z,2234.95,2243.2,2170.95,2218.85,297063,13653
2024-01-27T00:00:00.000Z,2218.85,2282.35,2197,2267.95,374048,19371
2024-01-28T00:00:00.000Z,2267.95,2284.25,2251.75,2268.85,136645,9900
2024-01-29T00:00:00.000Z,2268.85,2310.25,2240,2259.05,298758,15460
2024-01-30T00:00:00.000Z,2259.05,2323.95,2235,2319.65,364924,20068
2024-01-31T00:00:00.000Z,2319.65,2394,2298.25,2343.85,409757,24060
2024-02-01T00:00:00.000Z,2343.85,2353.7,2264.15,2283.15,413389,25913
2024-02-02T00:00:00.000Z,2283.15,2312.7,2241.05,2305.05,362951,20908
2024-02-03T00:00:00.000Z,2305.05,2325.95,2282.35,2309.95,217239,15238
2024-02-04T00:00:00.000Z,2309.95,2331.05,2293.85,2298.1,160932,10652
2024-02-05T00:00:00.000Z,2298.1,2311.45,2266.75,2290,293438,14113
2024-02-06T00:00:00.000Z,2290,2339.35,2269.9,2299.95,390573,22990
2024-02-07T00:00:00.000Z,2299.95,2393.3,2297.35,2373.15,424103,22709
2024-02-08T00:00:00.000Z,2373.15,2447.55,2353.55,2427.3,498192,36228
2024-02-09T00:00:00.000Z,2427.3,2465.95,2413.45,2421.85,463767,30012
2024-02-10T00:00:00.000Z,2421.85,2528.1,2421.05,2488.65,612879,36163
2024-02-11T00:00:00.000Z,2488.65,2520.55,2475,2505.2,253348,16435
2024-02-12T00:00:00.000Z,2505.2,2542.95,2496.3,2510.55,335483,19728
2024-02-13T00:00:00.000Z,2510.55,2671,2474.7,2663.2,810122,41795
2024-02-14T00:00:00.000Z,2663.2,2691,2593.55,2642.5,744430,37351
2024-02-15T00:00:00.000Z,2642.5,2791.5,2620.6,2779.55,512816,31643
2024-02-16T00:00:00.000Z,2779.55,2872.7,2764.35,2827.35,701401,29584
2024-02-17T00:00:00.000Z,2827.35,2862.05,2738.95,2809.15,448760,25642
2024-02-18T00:00:00.000Z,2809.15,2808.15,2720.7,2789.9,287726,17760
2024-02-19T00:00:00.000Z,2789.9,2901.55,2767.55,2885.2,320171,19920
2024-02-20T00:00:00.000Z,2885.2,2988.15,2860.1,2946.35,560133,26876
2024-02-21T00:00:00.000Z,2946.35,3037.65,2874.95,3017.8,878502,49758
2024-02-22T00:00:00.000Z,3017.8,3021.05,2871.95,2972.15,887646,49069
2024-02-23T00:00:00.000Z,2972.15,3039.95,2908.55,2971.2,551275,38127
2024-02-24T00:00:00.000Z,2971.2,2993.8,2908.05,2923.8,341823,24693
2024-02-25T00:00:00.000Z,2923.8,3009,2907.95,2995.75,161305,12389
2024-02-26T00:00:00.000Z,2995.75,3130,2986.5,3115,437943,29653
2024-02-27T00:00:00.000Z,3115,3202.05,3038,3180.7,734285,48400
2024-02-28T00:00:00.000Z,3180.7,3294.9,3170,3246.1,735867,44974
2024-02-29T00:00:00.000Z,3246.1,3525.25,3183.35,3392.55,1096814,59789
2024-03-01T00:00:00.000Z,3392.55,3530.6,3307.3,3345.2,779382,51529
2024-03-02T00:00:00.000Z,3345.2,3457.1,3344.65,3437.65,367806,25513
2024-03-03T00:00:00.000Z,3437.65,3465.05,3400.4,3424.5,273187,20733
2024-03-04T00:00:00.000Z,3424.5,3500,3365,3494.5,320619,23308
2024-03-05T00:00:00.000Z,3494.5,3649.65,3435.35,3635.05,781116,51133
2024-03-06T00:00:00.000Z,3635.05,3837.6,3216.25,3558,1340604,67233
2024-03-07T00:00:00.000Z,3558,3908.95,3498.65,3822.9,808070,55726
2024-03-08T00:00:00.000Z,3822.9,3945.6,3741.2,3877.65,379412,40359
2024-03-09T00:00:00.000Z,3877.65,4011.25,3828.6,3893.1,547514,61302
2024-03-10T00:00:00.000Z,3893.1,3956.1,3881.45,3916.25,129532,21042
2024-03-11T00:00:00.000Z,3916.25,3976.55,3800.05,3887.1,252943,24553
2024-03-12T00:00:00.000Z,3887.1,4100,3732.1,4075.6,577832,56135
2024-03-13T00:00:00.000Z,4075.6,4103.95,3834.85,3987.45,704122,52983
2024-03-14T00:00:00.000Z,3987.45,4092.95,3936.95,4010.95,319573,30055
2024-03-15T00:00:00.000Z,4010.95,4017.95,3722,3885.5,538569,47048
2024-03-16T00:00:00.000Z,3885.5,3938.4,3568.55,3748.6,656800,56690
2024-03-17T00:00:00.000Z,3748.6,3784.6,3473.65,3526.05,354833,32550
2024-03-18T00:00:00.000Z,3526.05,3681.5,3414.25,3647.6,422382,37152
2024-03-19T00:00:00.000Z,3647.6,3647.6,3456.25,3523.3,289042,28274
2024-03-20T00:00:00.000Z,3523.3,3552.05,3153.7,3160.45,834873,60620
2024-03-21T00:00:00.000Z,3160.45,3538.05,3060.05,3518.9,1044439,61414
2024-03-22T00:00:00.000Z,3518.9,3589.95,3415.05,3495.55,409200,34700
2024-03-23T00:00:00.000Z,3495.55,3545,3252.5,3339.7,444093,29876
2024-03-24T00:00:00.000Z,3339.7,3439.9,3273.6,3331.7,181900,19177
2024-03-25T00:00:00.000Z,3331.7,3475,3302.05,3458.4,241402,21460
2024-03-26T00:00:00.000Z,3458.4,3668.05,3423.65,3595.15,357833,33636
2024-03-27T00:00:00.000Z,3595.15,3686,3547.45,3590.35,289017,24739
2024-03-28T00:00:00.000Z,3590.35,3672.6,3461.55,3503.35,392101,38252
2024-03-29T00:00:00.000Z,3503.35,3617.8,3465.55,3562.95,250596,27297
2024-03-30T00:00:00.000Z,3562.95,3587.3,3476.15,3514.7,218524,21212
2024-03-31T00:00:00.000Z,3514.7,3571.75,3490.55,3512,122565,14048
2024-04-01T00:00:00.000Z,3512,3661.15,3509.45,3651.6,167377,21457
2024-04-02T00:00:00.000Z,3651.6,3651.6,3416.5,3507,288764,35604
2024-04-03T00:00:00.000Z,3507,3510.4,3214.65,3282.55,468026,41217
2024-04-04T00:00:00.000Z,3282.55,3371.9,3205.55,3314.6,241635,23718
2024-04-05T00:00:00.000Z,3314.6,3447.7,3256,3331.3,460543,31812
2024-04-06T00:00:00.000Z,3331.3,3353.5,3212.1,3321.1,330492,29639
2024-04-07T00:00:00.000Z,3321.1,3403.4,3310.6,3355.15,143212,14801
2024-04-08T00:00:00.000Z,3355.15,3464.2,3347.85,3458.35,215089,25414
2024-04-09T00:00:00.000Z,3458.35,3733.4,3403.25,3699.4,398986,35465
2024-04-10T00:00:00.000Z,3699.4,3729.35,3455.6,3510.05,400004,33446
2024-04-11T00:00:00.000Z,3510.05,3569.6,3419.15,3548.45,387590,29767
2024-04-12T00:00:00.000Z,3548.45,3623.25,3475.85,3506.05,213290,19289
2024-04-13T00:00:00.000Z,3506.05,3555.9,3076.45,3236.35,829928,42582
2024-04-14T00:00:00.000Z,3236.35,3304,2803.5,3010.25,1050534,52958
2024-04-15T00:00:00.000Z,3010.25,3180.9,2909.7,3161.65,590227,35792
2024-04-16T00:00:00.000Z,3161.65,3283.75,3027.95,3105.8,490784,36741
2024-04-17T00:00:00.000Z,3105.8,3132.95,2992.25,3087.25,391985,27312
2024-04-18T00:00:00.000Z,3087.25,3125.85,2918.25,2987.6,358425,25969
2024-04-19T00:00:00.000Z,2987.6,3099.5,2955.05,3067.7,309778,23991
2024-04-20T00:00:00.000Z,3067.7,3133.4,2868.55,3059.3,556683,35320
2024-04-21T00:00:00.000Z,3059.3,3175.5,3022.05,3158.95,209402,31204
2024-04-22T00:00:00.000Z,3158.95,3202,3118.1,3151.3,176673,29529
2024-04-23T00:00:00.000Z,3151.3,3241.45,3131.55,3203.15,271858,29721
2024-04-24T00:00:00.000Z,3203.15,3268,3155.15,3225.55,164770,18436
2024-04-25T00:00:00.000Z,3225.55,3298.9,3106.05,3140.3,392618,40772
2024-04-26T00:00:00.000Z,3140.3,3194.2,3073.4,3158,511668,41475
2024-04-27T00:00:00.000Z,3158,3170.65,3103.75,3133.05,245858,23891
2024-04-28T00:00:00.000Z,3133.05,3287.75,3069.1,3255.6,321466,23343
2024-04-29T00:00:00.000Z,3255.6,3362.45,3251.1,3267,274031,25119
2024-04-30T00:00:00.000Z,3267,3289.6,3118.05,3218.7,282144,25721
2024-05-01T00:00:00.000Z,3218.7,3254,2920.2,3014.2,683136,46612
2024-05-02T00:00:00.000Z,3014.2,3023.7,2815.55,2970.15,682752,48195
2024-05-03T00:00:00.000Z,2970.15,3019.55,2892.85,2988.6,314138,24484
2024-05-04T00:00:00.000Z,2988.6,3131.3,2961.3,3107.85,291996,34016
2024-05-05T00:00:00.000Z,3107.85,3172.05,3098,3121.4,148891,18512
2024-05-06T00:00:00.000Z,3121.4,3175.7,3076.4,3139,174336,16267
2024-05-07T00:00:00.000Z,3139,3227.35,3049.35,3063.9,252430,27605
2024-05-08T00:00:00.000Z,3063.9,3134,3003.05,3008.15,332667,28043
2024-05-09T00:00:00.000Z,3008.15,3041.05,2938.05,2976.6,233234,24612
2024-05-10T00:00:00.000Z,2976.6,3062.2,2951.8,3038.6,176328,20013
2024-05-11T00:00:00.000Z,3038.6,3056.4,2878.2,2911.6,258978,26503
2024-05-12T00:00:00.000Z,2911.6,2946.85,2888.15,2914.8,107571,13070
2024-05-13T00:00:00.000Z,2914.8,2956.7,2903,2932.4,105941,12948
2024-05-14T00:00:00.000Z,2932.4,2999.5,2866.55,2953.1,284805,24720
2024-05-15T00:00:00.000Z,2953.1,2962.3,2861.95,2884.25,320674,25748
2024-05-16T00:00:00.000Z,2884.25,3044.45,2865.6,3036.35,403179,29473
2024-05-17T00:00:00.000Z,3036.35,3044,2923.7,2946.25,285780,19461
2024-05-18T00:00:00.000Z,2946.25,3125,2933.75,3097.95,256165,21004
2024-05-19T00:00:00.000Z,3097.95,3150.7,3088.1,3126.1,104537,11523
2024-05-20T00:00:00.000Z,3126.1,3139.9,3052.75,3073.8,89274,10561
2024-05-21T00:00:00.000Z,3073.8,3697.2,3050.55,3664.2,863506,54132
2024-05-22T00:00:00.000Z,3664.2,3845,3632.1,3791.85,722548,46669
2024-05-23T00:00:00.000Z,3791.85,3811,3656.3,3741.35,389380,34215
2024-05-24T00:00:00.000Z,3741.35,3952.3,3627.95,3787.9,1174362,57678
2024-05-25T00:00:00.000Z,3787.9,3833.95,3630,3730.35,316582,24015
2024-05-26T00:00:00.000Z,3730.35,3782.3,3708.75,3753.75,80929,10684
2024-05-27T00:00:00.000Z,3753.75,3885.5,3733.8500000000004,3823.9,220432,19322
2024-05-28T00:00:00.000Z,3823.9,3980.8,3821,3895.05,258535,28049
2024-05-29T00:00:00.000Z,3895.05,3930.7,3771.5,3844.8,240817,24741
2024-05-30T00:00:00.000Z,3844.8,3888.1,3742.5,3767.3,317805,27848
2024-05-31T00:00:00.000Z,3767.3,3827,3703,3750.05,285342,26330
2024-06-01T00:00:00.000Z,3750.05,3852.05,3723.95,3762.2,330312,23155
2024-06-02T00:00:00.000Z,3762.2,3834.65,3752.4,3816.3,104561,12799
2024-06-03T00:00:00.000Z,3816.3,3838.2,3753.5,3782.6,125644,13814
2024-06-04T00:00:00.000Z,3782.6,3855,3758.6,3769.1,233433,25671
2024-06-05T00:00:00.000Z,3769.1,3841.15,3730.7,3812.85,561167,36113
2024-06-06T00:00:00.000Z,3812.85,3891.55,3781.9,3869.3,323090,35310
2024-06-07T00:00:00.000Z,3869.3,3882.15,3758.25,3814.45,205290,29577
2024-06-08T00:00:00.000Z,3814.45,3842.8,3572.2,3679.5,482981,45851
2024-06-09T00:00:00.000Z,3679.5,3710.95,3663.15,3681.75,125654,16346
2024-06-10T00:00:00.000Z,3681.75,3729.35,3667.05,3708.4,153342,14373
2024-06-11T00:00:00.000Z,3708.4,3722.8,3643.55,3669.4,250037,22236
2024-06-12T00:00:00.000Z,3669.4,3674.5,3433.15,3499.4,600263,41270
2024-06-13T00:00:00.000Z,3499.4,3659.75,3464.4,3562.75,394387,30439
2024-06-14T00:00:00.000Z,3562.75,3563.7,3429.2,3471.9,277178,28277
2024-06-15T00:00:00.000Z,3471.9,3537.1,3361.55,3481.85,356507,34591
2024-06-16T00:00:00.000Z,3481.85,3593.3,3473.3,3568.3,179754,16489
2024-06-17T00:00:00.000Z,3568.3,3653.55,3541.65,3625.45,158590,13794
2024-06-18T00:00:00.000Z,3625.45,3638,3466.7,3511.05,377185,29496
2024-06-19T00:00:00.000Z,3511.05,3516.1,3348.4,3484.5,442800,35600
2024-06-20T00:00:00.000Z,3484.5,3590.6,3467.2,3560.25,279803,23422
2024-06-21T00:00:00.000Z,3560.25,3627.05,3486.15,3512.95,320627,26013
2024-06-22T00:00:00.000Z,3512.95,3549.4,3447.45,3519.9,301804,25001
2024-06-23T00:00:00.000Z,3519.9,3523.2,3475.8,3498.2,107989,11093
2024-06-24T00:00:00.000Z,3498.2,3522.75,3401.95,3421.7,158566,14791
2024-06-25T00:00:00.000Z,3421.7,3435.25,3223.65,3353.8,605830,41458
2024-06-26T00:00:00.000Z,3353.8,3432.6,3336.45,3396.4,176485,22795
2024-06-27T00:00:00.000Z,3396.4,3429.05,3327.15,3371.8,195525,16767
2024-06-28T00:00:00.000Z,3371.8,3476.55,3362.1,3448.85,218583,24483
2024-06-29T00:00:00.000Z,3448.85,3487.5,3364.4,3376.6,258730,22157
2024-06-30T00:00:00.000Z,3376.6,3406.2,3370.05,3375.5,123176,15983
2024-07-01T00:00:00.000Z,3375.5,3458.85,3350.15,3435.4,189212,19052
2024-07-02T00:00:00.000Z,3435.4,3523.55,3422.9,3441.7,206026,22005
2024-07-03T00:00:00.000Z,3441.7,3463.8,3397.5,3419.25,186093,11726
2024-07-04T00:00:00.000Z,3419.25,3429.95,3250.15,3294.75,222190,18548
2024-07-05T00:00:00.000Z,3294.75,3312.15,3052,3060.25,253967,22910
2024-07-06T00:00:00.000Z,3060.25,3110.75,2810.7,2984.8,596690,47306
2024-07-07T00:00:00.000Z,2984.8,3081.25,2958.1,3067.8,313988,19746
2024-07-08T00:00:00.000Z,3067.8,3075.55,2923.4,2933.3,228579,22480
2024-07-09T00:00:00.000Z,2933.3,3100,2828.65,3017.9,737128,49986
2024-07-10T00:00:00.000Z,3017.9,3117.55,3006.35,3067.35,178711,17200
2024-07-11T00:00:00.000Z,3067.35,3154.15,3026.35,3103.15,241324,22447
2024-07-12T00:00:00.000Z,3103.15,3220,3056.05,3101.35,199449,18328
2024-07-13T00:00:00.000Z,3101.35,3160.25,3049.25,3138,164037,15393
2024-07-14T00:00:00.000Z,3138,3206.65,3116.85,3180.3,119100,7792
2024-07-15T00:00:00.000Z,3180.3,3273.25,3167.3,3247.4,148009,13348
2024-07-16T00:00:00.000Z,3247.4,3500.35,3236.1,3488.35,274379,17391
2024-07-17T00:00:00.000Z,3488.35,3503.85,3350.55,3449.75,294310,20369
2024-07-18T00:00:00.000Z,3449.75,3523.35,3378.9,3390,233655,19434
2024-07-19T00:00:00.000Z,3390,3491.95,3369.95,3429.35,174815,12026
2024-07-20T00:00:00.000Z,3429.35,3545.75,3378.25,3507.35,320872,24210
2024-07-21T00:00:00.000Z,3507.35,3543,3484.75,3519.45,205246,13689
2024-07-22T00:00:00.000Z,3519.45,3551,3413.85,3539.15,233397,23121
2024-07-23T00:00:00.000Z,3539.15,3567.65,3426.4,3442.6,247506,21962
2024-07-24T00:00:00.000Z,3442.6,3544.55,3393.9,3486.05,564255,35637
2024-07-25T00:00:00.000Z,3486.05,3490.95,3296.45,3339.95,205280,16788
2024-07-26T00:00:00.000Z,3339.95,3345.45,3088.95,3177.35,593372,33042
2024-07-27T00:00:00.000Z,3177.35,3288.75,3172.35,3278.1,307375,15610
2024-07-28T00:00:00.000Z,3278.1,3332.35,3194.05,3253.15,223234,19522
2024-07-29T00:00:00.000Z,3253.15,3286,3201.05,3272.55,114802,11112
2024-07-30T00:00:00.000Z,3272.55,3399.5,3259.35,3321.35,327607,29173
2024-07-31T00:00:00.000Z,3321.35,3368.2,3236.2,3283.05,185930,18460
2024-08-01T00:00:00.000Z,3283.05,3352.6,3215.02,3234.87,211493,16773
2024-08-02T00:00:00.000Z,3234.87,3245.52,3080.13,3204.3,298880,19813
2024-08-03T00:00:00.000Z,3204.3,3218.9,2968.65,2989.8,444544,31094
2024-08-04T00:00:00.000Z,2989.8,3018.44,2858.49,2902.25,453789,25959
2024-08-05T00:00:00.000Z,2902.25,2934.05,2617.1,2689.26,438962,27541
2024-08-06T00:00:00.000Z,2689.26,2697.61,2082.39,2419.52,2100873,89327
2024-08-07T00:00:00.000Z,2419.52,2560,2419.2,2464.4,317752,20976
2024-08-08T00:00:00.000Z,2464.4,2554.4,2311.7,2344.28,534921,31194
2024-08-09T00:00:00.000Z,2344.28,2728.95,2323.62,2686.67,578056,32025
2024-08-10T00:00:00.000Z,2686.67,2711.29,2556.51,2601.65,231952,15438
2024-08-11T00:00:00.000Z,2601.65,2647.78,2580.67,2612.05,192685,14639
2024-08-12T00:00:00.000Z,2612.05,2722.2,2543.6,2556.5,235501,19196
2024-08-13T00:00:00.000Z,2556.5,2754.29,2509.35,2724.4,572177,38139
2024-08-14T00:00:00.000Z,2724.4,2740,2613.47,2705.96,489042,32733
2024-08-15T00:00:00.000Z,2705.96,2784.7,2636.15,2665.37,318351,28378
2024-08-16T00:00:00.000Z,2665.37,2677.69,2517.35,2572.59,442058,35301
2024-08-17T00:00:00.000Z,2572.59,2634.35,2553.78,2595.21,208750,17537
2024-08-18T00:00:00.000Z,2595.21,2630.26,2591.13,2618.38,63562,8859
2024-08-19T00:00:00.000Z,2618.38,2690.81,2596.28,2615.08,171633,16129
2024-08-20T00:00:00.000Z,2615.08,2651.82,2565.18,2641.14,187930,19457
2024-08-21T00:00:00.000Z,2641.14,2699.92,2555.15,2576.49,243694,21556
2024-08-22T00:00:00.000Z,2576.49,2666.41,2537.62,2633.86,259940,23420
2024-08-23T00:00:00.000Z,2633.86,2647.75,2587.95,2625.6,271037,19338
2024-08-24T00:00:00.000Z,2625.6,2803.28,2623.91,2764.98,318269,29530
2024-08-25T00:00:00.000Z,2764.98,2823.98,2735,2771.44,231952,22565
2024-08-26T00:00:00.000Z,2771.44,2796.97,2736.96,2749.1,113437,16226
2024-08-27T00:00:00.000Z,2749.1,2765.4,2666.36,2682.91,192945,17267
2024-08-28T00:00:00.000Z,2682.91,2702.83,2391.96,2459.42,463114,38779
2024-08-29T00:00:00.000Z,2459.42,2558.62,2420.66,2529.13,373336,25338
2024-08-30T00:00:00.000Z,2529.13,2598.18,2508.49,2530.96,290213,20407
2024-08-31T00:00:00.000Z,2530.96,2555.01,2433.24,2526.84,319200,16430
2024-09-01T00:00:00.000Z,2526.84,2535.6,2493.99,2516.94,127306,8779
2024-09-02T00:00:00.000Z,2516.94,2519.32,2398.33,2427.82,323915,18868
2024-09-03T00:00:00.000Z,2427.82,2566.52,2425.3,2540.28,258339,12642
2024-09-04T00:00:00.000Z,2540.28,2554.67,2412.7,2425.82,217455,8766
2024-09-05T00:00:00.000Z,2425.82,2492.7,2305.49,2453.1,479398,21792
2024-09-06T00:00:00.000Z,2453.1,2468.63,2348.82,2370.59,271640,12024
2024-09-07T00:00:00.000Z,2370.59,2411.46,2152.65,2227.3,690090,23380
2024-09-08T00:00:00.000Z,2227.3,2313.79,2224.18,2276.44,229895,9684
2024-09-09T00:00:00.000Z,2276.44,2336,2242.4,2300.79,349237,13087
2024-09-10T00:00:00.000Z,2300.79,2383.92,2275,2362.21,408763,16069
2024-09-11T00:00:00.000Z,2362.21,2401.96,2322.04,2391.09,158879,7921
2024-09-12T00:00:00.000Z,2391.09,2391.7,2279.41,2343.45,309709,13371
2024-09-13T00:00:00.000Z,2343.45,2395.08,2317.97,2365.35,221127,9896
2024-09-14T00:00:00.000Z,2365.35,2468.94,2341.4,2443.75,277488,21582
2024-09-15T00:00:00.000Z,2443.75,2447.27,2379.95,2421.29,189843,9521
2024-09-16T00:00:00.000Z,2421.29,2433.76,2284.68,2319.39,221484,8723
2024-09-17T00:00:00.000Z,2319.39,2339.49,2255,2298.28,280581,15402
2024-09-18T00:00:00.000Z,2298.28,2396.15,2263.34,2345.73,311043,15126
2024-09-19T00:00:00.000Z,2345.73,2379.05,2278.42,2377.65,297971,17527
2024-09-20T00:00:00.000Z,2377.65,2497,2375.9,2467.99,348674,15356
2024-09-21T00:00:00.000Z,2467.99,2573.9,2440,2563.99,254126,14857
2024-09-22T00:00:00.000Z,2563.99,2626.1,2532,2615.46,91638,5941
2024-09-23T00:00:00.000Z,2615.46,2635.58,2527.28,2583.54,140626,8642
2024-09-24T00:00:00.000Z,2583.54,2707.1,2542.1,2649.89,213443,14274
2024-09-25T00:00:00.000Z,2649.89,2674.99,2592.57,2654.39,225366,12027
2024-09-26T00:00:00.000Z,2654.39,2676.1,2555.32,2582.82,152046,9897
2024-09-27T00:00:00.000Z,2582.82,2669.51,2560.39,2633.68,158646,10313
2024-09-28T00:00:00.000Z,2633.68,2732.21,2617.37,2695.62,168866,11425
2024-09-29T00:00:00.000Z,2695.62,2706.05,2651.33,2677.25,64484,7935
2024-09-30T00:00:00.000Z,2677.25,2686.19,2636.57,2661.43,76833,7520
2024-10-01T00:00:00.000Z,2661.43,2664.88,2575,2604.17,191432,14032
2024-10-02T00:00:00.000Z,2604.17,2659.93,2414.76,2449.54,245749,17194
2024-10-03T00:00:00.000Z,2449.54,2501.33,2354.36,2365.45,117453,12853
2024-10-04T00:00:00.000Z,2365.45,2404.99,2311.53,2352.02,122442,9809
2024-10-05T00:00:00.000Z,2352.02,2442.54,2340.22,2416.45,90084,8496
2024-10-06T00:00:00.000Z,2416.45,2429.89,2391,2417.48,58287,5546
2024-10-07T00:00:00.000Z,2417.48,2460,2409.04,2442.4,55811,5053
2024-10-08T00:00:00.000Z,2442.4,2523.63,2403.23,2424.2,241332,17470
2024-10-09T00:00:00.000Z,2424.2,2467.57,2400.84,2441.5,126692,16895
2024-10-10T00:00:00.000Z,2441.5,2473.31,2350.96,2370.47,180406,11701
2024-10-11T00:00:00.000Z,2370.47,2419,2328.08,2386.67,238588,17341
2024-10-12T00:00:00.000Z,2386.67,2473,2382.57,2440.07,176593,13557
2024-10-13T00:00:00.000Z,2440.07,2491.85,2434.39,2477.57,88737,6392
2024-10-14T00:00:00.000Z,2477.57,2486.42,2437.27,2470.2,67441,6130
2024-10-15T00:00:00.000Z,2470.2,2654.25,2444.38,2630.71,296527,23394
2024-10-16T00:00:00.000Z,2630.71,2690.14,2536.75,2609.53,234095,18207
2024-10-17T00:00:00.000Z,2609.53,2648.64,2589.9,2612.74,110501,10576
2024-10-18T00:00:00.000Z,2612.74,2649.02,2576.96,2605.73,110721,10166
2024-10-19T00:00:00.000Z,2605.73,2676.53,2596.67,2643.16,93198,8959
2024-10-20T00:00:00.000Z,2643.16,2665.26,2631.32,2649.93,27302,3147
2024-10-21T00:00:00.000Z,2649.93,2760.85,2636.57,2748.2,141222,9304
2024-10-22T00:00:00.000Z,2748.2,2771.2,2655.37,2667.44,103353,8329
2024-10-23T00:00:00.000Z,2667.44,2672.31,2603,2622.57,199159,12401
2024-10-24T00:00:00.000Z,2622.57,2627.87,2442.39,2525.34,250312,17381
2024-10-25T00:00:00.000Z,2525.34,2562.32,2505,2536.41,143645,12306
2024-10-26T00:00:00.000Z,2536.41,2566.07,2380.77,2438.37,279206,13718
2024-10-27T00:00:00.000Z,2438.37,2506.45,2427.73,2481.18,105452,8986
2024-10-28T00:00:00.000Z,2481.18,2527,2462.75,2506.53,52016,7510
2024-10-29T00:00:00.000Z,2506.53,2590.37,2470,2567.7,159720,14366
2024-10-30T00:00:00.000Z,2567.7,2682.28,2562.24,2638.94,206530,16340
2024-10-31T00:00:00.000Z,2638.94,2724.44,2601,2658.94,162762,12736
2024-11-01T00:00:00.000Z,2658.94,2668.87,2501.38,2517.99,184709,14171
2024-11-02T00:00:00.000Z,2517.99,2587.04,2461.48,2512.42,241597,14981
2024-11-03T00:00:00.000Z,2512.42,2524,2470.67,2494.29,61261,3861
2024-11-04T00:00:00.000Z,2494.29,2496.84,2410.33,2458.29,227203,14806
2024-11-05T00:00:00.000Z,2458.29,2492,2357.5,2399.43,159518,10790
2024-11-06T00:00:00.000Z,2399.43,2481.98,2381.43,2422.61,196614,13170
2024-11-07T00:00:00.000Z,2422.61,2749.97,2421.12,2727.72,565806,29166
2024-11-08T00:00:00.000Z,2727.72,2924.63,2705.08,2900.25,472802,30731
2024-11-09T00:00:00.000Z,2900.25,2988.13,2891.07,2966.42,426447,19963
2024-11-10T00:00:00.000Z,2966.42,3159.86,2956.11,3129.01,412939,17352
2024-11-11T00:00:00.000Z,3129.01,3255.54,3074.31,3189.83,606306,27735
2024-11-12T00:00:00.000Z,3189.83,3396.72,3108.98,3380.61,608021,35266
2024-11-13T00:00:00.000Z,3380.61,3456.77,3214.67,3250.96,520249,34413
2024-11-14T00:00:00.000Z,3250.96,3339.99,3122.23,3195.18,416504,28213
2024-11-15T00:00:00.000Z,3195.18,3245.29,3031.3,3061.27,212043,17635
2024-11-16T00:00:00.000Z,3061.27,3136,3016.21,3094.4300000000003,284100,22451
2024-11-17T00:00:00.000Z,3094.4300000000003,3224,3075.65,3133.9900000000002,127324,7665
2024-11-18T00:00:00.000Z,3133.9900000000002,3166.7,3035.79,3078.78,157571,14974
2024-11-19T00:00:00.000Z,3078.78,3230,3051.83,3213.68,256919,14758
2024-11-20T00:00:00.000Z,3213.68,3226,3069.48,3112.62,152668,13682
2024-11-21T00:00:00.000Z,3112.62,3165.7,3030.87,3073.79,138060,11812
2024-11-22T00:00:00.000Z,3073.79,3390.98,3035.93,3363.74,300619,24343
2024-11-23T00:00:00.000Z,3363.74,3432.93,3262.76,3335.05,268172,21358
2024-11-24T00:00:00.000Z,3335.05,3503.88,3316.26,3399.1,219045,27673
2024-11-25T00:00:00.000Z,3399.1,3456.33,3287.06,3368.8,146889,16228
2024-11-26T00:00:00.000Z,3368.8,3555.23,3306.51,3418.57,315269,24723
2024-11-27T00:00:00.000Z,3418.57,3466.3,3255.07,3328,185599,20994
2024-11-28T00:00:00.000Z,3328,3691.48,3304.47,3661.19,285448,29984
2024-11-29T00:00:00.000Z,3661.19,3668.33,3534.31,3585,174125,20851
2024-11-30T00:00:00.000Z,3585,3650.91,3539.87,3596.9,163846,13970
2024-12-01T00:00:00.000Z,3596.9,3747.18,3572.09,3709.56,235006,21537
2024-12-02T00:00:00.000Z,3709.56,3753.24,3658.4,3717.29,155292,14347
2024-12-03T00:00:00.000Z,3717.29,3774.17,3559.15,3649.57,263395,24917
2024-12-04T00:00:00.000Z,3649.57,3677.35,3500.69,3624.72,304522,27506
2024-12-05T00:00:00.000Z,3624.72,3898.1,3622.2,3845.96,281712,24853
2024-12-06T00:00:00.000Z,3845.96,3964,3671.28,3795.7400000000002,380278,26897
2024-12-07T00:00:00.000Z,3795.7400000000002,4100,3785.16,4009.07,320397,27326
2024-12-08T00:00:00.000Z,4009.07,4033.22,3977.96,4002.55,114102,12797
2024-12-09T00:00:00.000Z,4002.55,4021.9,3928.62,4011,105622,13822
2024-12-10T00:00:00.000Z,4011,4012.62,3475.1,3715.32,489297,48151
2024-12-11T00:00:00.000Z,3715.32,3782.57,3517.61,3633.95,286342,23590
2024-12-12T00:00:00.000Z,3633.95,3855,3566.31,3837.21,133583,8651
2024-12-13T00:00:00.000Z,3837.21,3993.82,3803.4,3887.56,219248,12874
2024-12-14T00:00:00.000Z,3887.56,3971,3853.45,3909.99,245528,12425
2024-12-15T00:00:00.000Z,3909.99,3948.78,3823.94,3874.54,104931,8733
2024-12-16T00:00:00.000Z,3874.54,3979,3832.49,3961.27,118761,8797
2024-12-17T00:00:00.000Z,3961.27,4118.32,3882.01,3990.78,306877,18770
2024-12-18T00:00:00.000Z,3990.78,4044,3848.48,3896.78,242380,18403
2024-12-19T00:00:00.000Z,3896.78,3908,3621,3630.6,333448,27646
2024-12-20T00:00:00.000Z,3630.6,3721.75,3328.65,3417.41,712701,46981
2024-12-21T00:00:00.000Z,3417.41,3488,3100,3471.6,1287029,57433
2024-12-22T00:00:00.000Z,3471.6,3554.61,3294.81,3340.28,306713,21304
2024-12-23T00:00:00.000Z,3340.28,3402.12,3221.3,3281.88,298486,26021
2024-12-24T00:00:00.000Z,3281.88,3462.97,3217.03,3421.9,398443,23993
2024-12-25T00:00:00.000Z,3421.9,3540.25,3354.38,3492.51,172443,22899
2024-12-26T00:00:00.000Z,3492.51,3546.64,3441.24,3496.55,132830,9471
2024-12-27T00:00:00.000Z,3496.55,3515.36,3305.05,3335.15,131004,9333
2024-12-28T00:00:00.000Z,3335.15,3444.9,3305.51,3332.83,199890,16333
2024-12-29T00:00:00.000Z,3332.83,3429.9,3320.49,3400.51,121061,7164
2024-12-30T00:00:00.000Z,3400.51,3411.09,3322.06,3351.97,72049,8612
2024-12-31T00:00:00.000Z,3351.97,3430.92,3297.71,3358.86,114913,11535
2025-01-01T00:00:00.000Z,3358.86,3450.85,3311.85,3334.56,80208,8275
2025-01-02T00:00:00.000Z,3334.56,3372.9,3311.06,3359.05,124677,6784
2025-01-03T00:00:00.000Z,3359.05,3512.85,3352.3,3455.11,184965,23826
2025-01-04T00:00:00.000Z,3455.11,3629.99,3422.91,3610.6,143039,9911
2025-01-05T00:00:00.000Z,3610.6,3673.35,3574,3658.93,81356,9247
2025-01-06T00:00:00.000Z,3658.93,3676.65,3595.63,3635.73,40809,4923
2025-01-07T00:00:00.000Z,3635.73,3747.21,3611.54,3690.51,145206,18558
2025-01-08T00:00:00.000Z,3690.51,3703.23,3357.44,3383.42,352774,33451
2025-01-09T00:00:00.000Z,3383.42,3417,3211.35,3328.71,227592,18573
2025-01-10T00:00:00.000Z,3328.71,3359.53,3158.91,3221.33,207128,18221
2025-01-11T00:00:00.000Z,3221.33,3325.2,3197.82,3269.62,122991,10927
2025-01-12T00:00:00.000Z,3269.62,3322.27,3219.13,3285.16,52218,5012
2025-01-13T00:00:00.000Z,3285.16,3300.63,3226.52,3267.34,57173,5005
2025-01-14T00:00:00.000Z,3267.34,3338.4,2914.06,3139.98,428322,27083
2025-01-15T00:00:00.000Z,3139.98,3256.63,3128.62,3224.75,115287,12612
2025-01-16T00:00:00.000Z,3224.75,3476.6,3188.31,3453,153295,21867
2025-01-17T00:00:00.000Z,3453,3462.6,3266.81,3309.89,268211,25988
2025-01-18T00:00:00.000Z,3309.89,3529.63,3309.66,3476.46,199076,20409
2025-01-19T00:00:00.000Z,3476.46,3497.66,3227.39,3307.11,225011,32502
2025-01-20T00:00:00.000Z,3307.11,3448.27,3129.44,3216.45,367024,24040
2025-01-21T00:00:00.000Z,3216.45,3455.9,3144.45,3283.15,560427,47164
2025-01-22T00:00:00.000Z,3283.15,3370,3202.11,3324.93,101892,13403
2025-01-23T00:00:00.000Z,3324.93,3368.4,3222.98,3244.19,75933,8097
2025-01-24T00:00:00.000Z,3244.19,3352,3184.1,3345.24,140381,16840
2025-01-25T00:00:00.000Z,3345.24,3434.37,3278.27,3312.87,120771,16854
2025-01-26T00:00:00.000Z,3312.87,3353.91,3271,3318.46,48436,5642
2025-01-27T00:00:00.000Z,3318.46,3364,3230.04,3233.67,64989,4704
2025-01-28T00:00:00.000Z,3233.67,3253.33,3020.4,3184.71,199469,17298
2025-01-29T00:00:00.000Z,3184.71,3225.01,3040,3079.82,141206,15837
2025-01-30T00:00:00.000Z,3079.82,3183.25,3053.66,3115.6,114760,15199
2025-01-31T00:00:00.000Z,3115.6,3285.65,3094.89,3249.68,124597,8456
2025-02-01T00:00:00.000Z,3249.68,3440.57,3216.06,3300.87,188851,32504
2025-02-02T00:00:00.000Z,3300.87,3332.31,3102.25,3119.76,137899,12523
2025-02-03T00:00:00.000Z,3119.76,3165,2743.22,2872.75,349493,22475
2025-02-04T00:00:00.000Z,2872.75,2923.49,2085.51,2885.42,1457821,74344
2025-02-05T00:00:00.000Z,2885.42,2892.17,2634.49,2735.26,434654,30226
2025-02-06T00:00:00.000Z,2735.26,2830.46,2702.2,2790,237932,23229
2025-02-07T00:00:00.000Z,2790,2862.08,2658.64,2691.74,226692,23956
2025-02-08T00:00:00.000Z,2691.74,2801.65,2565.1,2624.9,261695,23947
2025-02-09T00:00:00.000Z,2624.9,2670.67,2590.52,2634.03,67596,9043
2025-02-10T00:00:00.000Z,2634.03,2701.63,2520.68,2629.23,211831,13715
2025-02-11T00:00:00.000Z,2629.23,2695.48,2561.6,2663.17,132479,11392
2025-02-12T00:00:00.000Z,2663.17,2728.39,2561.59,2604.74,167628,18756
2025-02-13T00:00:00.000Z,2604.74,2800,2548.36,2740.11,249146,17547
2025-02-14T00:00:00.000Z,2740.11,2761.64,2615.97,2677.66,194620,20074
2025-02-15T00:00:00.000Z,2677.66,2795.38,2666.42,2726.57,188563,22607
2025-02-16T00:00:00.000Z,2726.57,2739.15,2661.86,2696.38,79626,8021
2025-02-17T00:00:00.000Z,2696.38,2728.92,2653.05,2664.31,85917,10929
2025-02-18T00:00:00.000Z,2664.31,2852.71,2639.55,2745.66,290111,20753
2025-02-19T00:00:00.000Z,2745.66,2758.93,2606.88,2672.42,200211,16344
2025-02-20T00:00:00.000Z,2672.42,2738.54,2658.05,2717.39,76815,9969
2025-02-21T00:00:00.000Z,2717.39,2773.18,2709.08,2742.77,68061,8560
2025-02-22T00:00:00.000Z,2742.77,2850,2616.69,2664.17,259139,20870
2025-02-23T00:00:00.000Z,2664.17,2800.54,2655.09,2765.34,84148,7761
2025-02-24T00:00:00.000Z,2765.34,2859.11,2746.94,2821.79,80647,8405
2025-02-25T00:00:00.000Z,2821.79,2841.48,2473.65,2515.51,374950,31535
2025-02-26T00:00:00.000Z,2515.51,2533.37,2316.52,2494.46,480537,47222
2025-02-27T00:00:00.000Z,2494.46,2506.26,2257.07,2335.12,650926,47083
2025-02-28T00:00:00.000Z,2335.12,2379,2231.85,2307.96,328473,30442
2025-03-01T00:00:00.000Z,2307.96,2315.31,2076.45,2237.43,945414,60613
2025-03-02T00:00:00.000Z,2237.43,2281.86,2143.7,2218.38,168659,24970
2025-03-03T00:00:00.000Z,2218.38,2554.85,2174.17,2521.79,590063,42472
2025-03-04T00:00:00.000Z,2521.79,2527.03,2097.39,2149.07,590182,43183
2025-03-05T00:00:00.000Z,2149.07,2222,1990.01,2171.62,679967,46368
2025-03-06T00:00:00.000Z,2171.62,2274.8,2157.56,2243.84,310207,18541
2025-03-07T00:00:00.000Z,2243.84,2322.63,2179.4,2202.39,292875,19348
2025-03-08T00:00:00.000Z,2202.39,2260,2104.5,2141.9,275174,15723
2025-03-09T00:00:00.000Z,2141.9,2240.07,2108.16,2204.72,107347,6892
2025-03-10T00:00:00.000Z,2204.72,2214.55,1993.45,2021.79,174312,11485
2025-03-11T00:00:00.000Z,2021.79,2154.97,1811.88,1866.19,436392,27867
2025-03-12T00:00:00.000Z,1866.19,1964.48,1755.7,1923.27,296614,18929
2025-03-13T00:00:00.000Z,1923.27,1958.23,1833.39,1909.55,197405,22156
2025-03-14T00:00:00.000Z,1909.55,1923.51,1823.26,1865.62,123385,8978
2025-03-15T00:00:00.000Z,1865.62,1947.34,1862.56,1912.19,245598,17992
2025-03-16T00:00:00.000Z,1912.19,1958.97,1905.33,1938.96,46620,3794
2025-03-17T00:00:00.000Z,1938.96,1942.2,1862,1889.28,160343,10864
2025-03-18T00:00:00.000Z,1889.28,1954.16,1881.01,1928.14,139779,12117
2025-03-19T00:00:00.000Z,1928.14,1937.93,1872.87,1933.22,112047,8505
2025-03-20T00:00:00.000Z,1933.22,2073,1929.76,2059.28,228741,15028
2025-03-21T00:00:00.000Z,2059.28,2070.46,1951.36,1984.24,117549,9916
2025-03-22T00:00:00.000Z,1984.24,1996.92,1936.46,1965.69,69216,6640
2025-03-23T00:00:00.000Z,1965.69,2006.54,1965,1981.6200000000001,44404,3326
2025-03-24T00:00:00.000Z,1981.6200000000001,2022.03,1977.85,2007.01,81680,5317
2025-03-25T00:00:00.000Z,2007.01,2105.44,1978.82,2082.79,142936,15733
2025-03-26T00:00:00.000Z,2082.79,2098.96,2038.06,2068.86,85676,7294
2025-03-27T00:00:00.000Z,2068.86,2081.1,1983.82,2010.49,91407,7368
2025-03-28T00:00:00.000Z,2010.49,2038.86,1987.52,2004.89,229992,11062
2025-03-29T00:00:00.000Z,2004.89,2017.04,1860.49,1898.08,247887,23833
2025-03-30T00:00:00.000Z,1898.08,1914.45,1799.4,1829.7,193747,12261
2025-03-31T00:00:00.000Z,1829.7,1850,1768.2,1808.46,166702,9611
2025-04-01T00:00:00.000Z,1808.46,1855.88,1778.65,1824.4,211299,13205
2025-04-02T00:00:00.000Z,1824.4,1930.14,1820,1907.24,128008,9504
2025-04-03T00:00:00.000Z,1907.24,1958.74,1782.04,1798.07,254685,20157
2025-04-04T00:00:00.000Z,1798.07,1846.39,1752.38,1818.12,299019,23915
2025-04-05T00:00:00.000Z,1818.12,1837,1758.71,1817.83,283328,19027
2025-04-06T00:00:00.000Z,1817.83,1827.79,1765.7,1806.5,146085,5059
2025-04-07T00:00:00.000Z,1806.5,1817,1538.88,1581.51,624568,44946
2025-04-08T00:00:00.000Z,1581.51,1637.37,1411.99,1554.23,1114034,65048
2025-04-09T00:00:00.000Z,1554.23,1619.78,1446.84,1473.6200000000001,278036,22499
2025-04-10T00:00:00.000Z,1473.6200000000001,1690,1385.66,1670.27,572809,36000
2025-04-11T00:00:00.000Z,1670.27,1670.89,1473,1522.33,361035,24507
2025-04-12T00:00:00.000Z,1522.33,1592.25,1505.14,1567.75,230789,17885
2025-04-13T00:00:00.000Z,1567.75,1669.8,1546.95,1645.28,214682,14477
2025-04-14T00:00:00.000Z,1645.28,1650.98,1562.22,1599.12,213336,18353
2025-04-15T00:00:00.000Z,1599.12,1692.34,1596.51,1624.06,241680,16391
2025-04-16T00:00:00.000Z,1624.06,1662.7,1584.14,1589.92,135421,15362
2025-04-17T00:00:00.000Z,1589.92,1616.77,1539.3,1579.34,159313,19076
2025-04-18T00:00:00.000Z,1579.34,1618.26,1564.28,1584.39,101479,8285
2025-04-19T00:00:00.000Z,1584.39,1601.41,1575,1590.01,47836,5616
2025-04-20T00:00:00.000Z,1590.01,1631.55,1586.64,1614.01,156804,13808
2025-04-21T00:00:00.000Z,1614.01,1620.01,1566.01,1588.25,96680,9281
2025-04-22T00:00:00.000Z,1588.25,1660.3,1562.85,1579.83,336249,33686
2025-04-23T00:00:00.000Z,1579.83,1781.42,1534.71,1757.3400000000001,381062,49371
2025-04-24T00:00:00.000Z,1757.3400000000001,1836.91,1747,1797.4,409383,60790
2025-04-25T00:00:00.000Z,1797.4,1804.23,1724.98,1771.82,117733,17183
2025-04-26T00:00:00.000Z,1771.82,1830,1739.6,1786.7,164341,22379
2025-04-27T00:00:00.000Z,1786.7,1843.6,1780.66,1823.95,113092,18894
2025-04-28T00:00:00.000Z,1823.95,1858.76,1784.77,1793.04,102347,9820
2025-04-29T00:00:00.000Z,1793.04,1829.49,1746.47,1800.14,201082,19235
2025-04-30T00:00:00.000Z,1800.14,1844.94,1781.35,1799.02,153923,13500
2025-05-01T00:00:00.000Z,1799.02,1818.38,1733.75,1795.6,136125,12208
2025-05-02T00:00:00.000Z,1795.6,1875.21,1795.27,1839.95,176663,21346
2025-05-03T00:00:00.000Z,1839.95,1871.82,1813.67,1844.57,134003,13668
2025-05-04T00:00:00.000Z,1844.57,1850.53,1811.15,1835.21,71005,8078
2025-05-05T00:00:00.000Z,1835.21,1851.95,1803.57,1809.11,74707,7680
2025-05-06T00:00:00.000Z,1809.11,1835.3,1781.51,1821.48,112006,10978
2025-05-07T00:00:00.000Z,1821.48,1823.07,1752.65,1819.05,147826,11946
2025-05-08T00:00:00.000Z,1819.05,1853,1787.88,1812.41,123507,18355
2025-05-09T00:00:00.000Z,1812.41,2229.11,1809.8,2210.11,384716,45393
2025-05-10T00:00:00.000Z,2210.11,2489.5,2187,2345.56,533520,51036
2025-05-11T00:00:00.000Z,2345.56,2603.7,2317.58,2587.68,223336,30380
2025-05-12T00:00:00.000Z,2587.68,2612.57,2437.27,2517.7,184770,24731
2025-05-13T00:00:00.000Z,2517.7,2627,2410.97,2498.17,245873,42989
2025-05-14T00:00:00.000Z,2498.17,2740,2418.37,2682.01,254427,26175
2025-05-15T00:00:00.000Z,2682.01,2727,2550,2612.82,200756,23335
2025-05-16T00:00:00.000Z,2612.82,2649.78,2477.81,2549.79,211378,20469
2025-05-17T00:00:00.000Z,2549.79,2650.99,2531.47,2539.78,157674,15134
2025-05-18T00:00:00.000Z,2539.78,2540.36,2448.46,2475.77,146856,12385
2025-05-19T00:00:00.000Z,2475.77,2590.64,2322.66,2500.96,221788,23261
2025-05-20T00:00:00.000Z,2500.96,2550.41,2350.28,2530.64,217521,23622
2025-05-21T00:00:00.000Z,2530.64,2591.32,2445,2526.57,145300,20363
2025-05-22T00:00:00.000Z,2526.57,2619.66,2453.3,2553.98,258734,33953
2025-05-23T00:00:00.000Z,2553.98,2695.04,2548.1,2666.39,179820,19250
2025-05-24T00:00:00.000Z,2666.39,2736.53,2501.06,2527.7,234687,25170
2025-05-25T00:00:00.000Z,2527.7,2578.5,2517.84,2532.2,58651,7883
2025-05-26T00:00:00.000Z,2532.2,2556.76,2464.08,2553.36,110794,14475
2025-05-27T00:00:00.000Z,2553.36,2602,2526.78,2567.02,104823,8277
2025-05-28T00:00:00.000Z,2567.02,2715.85,2512.55,2663.78,177199,17886
2025-05-29T00:00:00.000Z,2663.78,2692.93,2611.08,2683.7,121548,13820
2025-05-30T00:00:00.000Z,2683.7,2792.18,2620.4,2633.49,232696,22925
2025-05-31T00:00:00.000Z,2633.49,2651,2509.77,2532.91,160036,20540
2025-06-01T00:00:00.000Z,2532.91,2553.61,2478.3,2531.64,108834,11139
2025-06-02T00:00:00.000Z,2531.64,2551.43,2470.55,2542.48,96180,10261
2025-06-03T00:00:00.000Z,2542.48,2618.99,2477.43,2610.72,152435,14937
2025-06-04T00:00:00.000Z,2610.72,2659.02,2577.71,2594.24,140074,23732
2025-06-05T00:00:00.000Z,2594.24,2682.49,2586.84,2610.38,167052,19267
2025-06-06T00:00:00.000Z,2610.38,2644.56,2392.81,2417.18,217669,22982
2025-06-07T00:00:00.000Z,2417.18,2534,2381.78,2478.52,89546,15366
2025-06-08T00:00:00.000Z,2478.52,2547.35,2460.69,2528.2,52538,7212
2025-06-09T00:00:00.000Z,2528.2,2551.66,2491.94,2512.84,80960,7924
2025-06-10T00:00:00.000Z,2512.84,2698.68,2481.04,2683.74,121836,21101
2025-06-11T00:00:00.000Z,2683.74,2829.22,2658.52,2817,185925,24485
2025-06-12T00:00:00.000Z,2817,2882,2745.62,2774.9,168679,20271
2025-06-13T00:00:00.000Z,2774.9,2787.48,2617.75,2645.48,130294,19774
2025-06-14T00:00:00.000Z,2645.48,2648.2,2440,2582.41,256221,41703
2025-06-15T00:00:00.000Z,2582.41,2584.91,2491.69,2533.9,89904,12191
2025-06-16T00:00:00.000Z,2533.9,2562.53,2494.08,2550.84,70981,9265
2025-06-17T00:00:00.000Z,2550.84,2683.07,2517.26,2546.23,187113,29756
2025-06-18T00:00:00.000Z,2546.23,2620.76,2455.83,2511.71,171215,26634
2025-06-19T00:00:00.000Z,2511.71,2550.33,2467.22,2528.55,120558,15867
2025-06-20T00:00:00.000Z,2528.55,2549.83,2486.92,2523.72,73799,10957
2025-06-21T00:00:00.000Z,2523.72,2572.63,2365.03,2408,161061,20932
2025-06-22T00:00:00.000Z,2408,2450.62,2215.58,2297.53,187626,18404
2025-06-23T00:00:00.000Z,2297.53,2317,2115,2230.41,320174,40050
2025-06-24T00:00:00.000Z,2230.41,2442.4,2190.5,2415.19,262165,31767
2025-06-25T00:00:00.000Z,2415.19,2485.79,2380,2449,181944,24239
2025-06-26T00:00:00.000Z,2449,2471.79,2392.15,2422.06,162178,17103
2025-06-27T00:00:00.000Z,2422.06,2524.11,2394.91,2419.1,178324,18375
2025-06-28T00:00:00.000Z,2419.1,2465.49,2384.37,2425.55,127682,15775
2025-06-29T00:00:00.000Z,2425.55,2450.53,2408.21,2438.13,43570,4535
2025-06-30T00:00:00.000Z,2438.13,2527.09,2414.1,2502.72,88307,13776
2025-07-01T00:00:00.000Z,2502.72,2527.15,2435.52,2488.52,147484,19748
2025-07-02T00:00:00.000Z,2488.52,2501.34,2387.7,2406.42,95925,10506
2025-07-03T00:00:00.000Z,2406.42,2623,2374.7,2573.9,166191,14494
2025-07-04T00:00:00.000Z,2573.9,2639.77,2559.59,2593.42,104326,14801
2025-07-05T00:00:00.000Z,2593.42,2606.09,2476.13,2510.39,122710,12501
2025-07-06T00:00:00.000Z,2510.39,2531.44,2490.47,2518.41,40922,4405
2025-07-07T00:00:00.000Z,2518.41,2608,2506.11,2572.99,84817,7527
2025-07-08T00:00:00.000Z,2572.99,2592.74,2512.11,2544.58,71421,8719
2025-07-09T00:00:00.000Z,2544.58,2631.46,2525.93,2618.92,94961,16125
2025-07-10T00:00:00.000Z,2618.92,2800,2592.8,2771.5,160867,21158
2025-07-11T00:00:00.000Z,2771.5,3007.71,2758.02,2955.74,166602,20579
2025-07-12T00:00:00.000Z,2955.74,3042.86,2918.77,2959.09,211967,44863
2025-07-13T00:00:00.000Z,2959.09,2982.5,2906.92,2945.16,93307,19482
2025-07-14T00:00:00.000Z,2945.16,3022.44,2939.65,2974,78156,9530
2025-07-15T00:00:00.000Z,2974,3084,2965.18,3015.98,150575,17404
2025-07-16T00:00:00.000Z,3015.98,3148.73,2933.77,3142.53,145676,23774
2025-07-17T00:00:00.000Z,3142.53,3428.81,3103.8,3377.93,200741,34171
2025-07-18T00:00:00.000Z,3377.93,3529.05,3314.12,3478.48,164760,20369
2025-07-19T00:00:00.000Z,3478.48,3679.64,3465.58,3549.94,234219,24365
2025-07-20T00:00:00.000Z,3549.94,3613.13,3512,3597.27,54753,7066
2025-07-21T00:00:00.000Z,3597.27,3830.11,3583.63,3762.72,168117,16794
2025-07-22T00:00:00.000Z,3762.72,3863.87,3708.54,3765.61,135905,16371
2025-07-23T00:00:00.000Z,3765.61,3804.58,3621.94,3752.47,194877,24091
2025-07-24T00:00:00.000Z,3752.47,3769.31,3529.99,3631.51,167713,26700
2025-07-25T00:00:00.000Z,3631.51,3776.92,3508.01,3712.46,117219,20984
2025-07-26T00:00:00.000Z,3712.46,3751.17,3576.11,3729.39,114888,24498
2025-07-27T00:00:00.000Z,3729.39,3801.35,3702.36,3744.34,57787,11409
2025-07-28T00:00:00.000Z,3744.34,3886.98,3734.38,3877.42,78786,13676
2025-07-29T00:00:00.000Z,3877.42,3943.74,3757,3800.25,103648,16756
2025-07-30T00:00:00.000Z,3800.25,3888.22,3718.01,3793.08,100710,13067
2025-07-31T00:00:00.000Z,3793.08,3836.55,3676.34,3812.52,88752,14976
2025-08-01T00:00:00.000Z,3812.52,3881.63,3684.68,3701.79,60029,11695
2025-08-02T00:00:00.000Z,3701.79,3727,3431.51,3490.73,184150,20681
2025-08-03T00:00:00.000Z,3490.73,3540.54,3372.17,3399,90544,13778
2025-08-04T00:00:00.000Z,3399,3528.36,3359.22,3502.53,69396,11511
2025-08-05T00:00:00.000Z,3502.53,3739.41,3495.85,3723,119862,18720
2025-08-06T00:00:00.000Z,3723,3723.5,3547.52,3613.88,83347,11197
2025-08-07T00:00:00.000Z,3613.88,3703.28,3568.1,3685.29,73043,10554
2025-08-08T00:00:00.000Z,3685.29,3932.56,3651.78,3915.03,132511,20030
2025-08-09T00:00:00.000Z,3915.03,4075.29,3885.04,4014.66,146666,15401
2025-08-10T00:00:00.000Z,4014.66,4330.39,4011.12,4264.81,112617,19549
2025-08-11T00:00:00.000Z,4264.81,4336.85,4164.76,4254.11,75957,10560
2025-08-12T00:00:00.000Z,4254.11,4372.49,4169.3,4227.35,104612,19480
2025-08-13T00:00:00.000Z,4227.35,4645.24,4222.5,4594.33,189315,63444
2025-08-14T00:00:00.000Z,4594.33,4790.18,4567.85,4754.72,195166,52458
2025-08-15T00:00:00.000Z,4754.72,4797.89,4458.34,4552.06,202386,29818
2025-08-16T00:00:00.000Z,4552.06,4675.51,4369.66,4446.89,186167,18439
2025-08-17T00:00:00.000Z,4446.89,4495.73,4378.69,4427.67,42834,7577
2025-08-18T00:00:00.000Z,4427.67,4580.36,4400,4477.93,102450,13121
2025-08-19T00:00:00.000Z,4477.93,4488.83,4230.01,4320.19,166675,23425
2025-08-20T00:00:00.000Z,4320.19,4362.14,4070.88,4079.46,221417,22907
2025-08-21T00:00:00.000Z,4079.46,4383,4065.52,4341.82,155552,19221
2025-08-22T00:00:00.000Z,4341.82,4348.45,4208.87,4227.15,120474,11869
2025-08-23T00:00:00.000Z,4227.15,4888.92,4211.44,4835.9,186760,22681
2025-08-24T00:00:00.000Z,4835.9,4831.52,4683.96,4784.91,52249,5876
2025-08-25T00:00:00.000Z,4784.91,4957.56,4704.27,4779.96,180850,14070
2025-08-26T00:00:00.000Z,4779.96,4798.94,4337.88,4384.27,218517,31639
2025-08-27T00:00:00.000Z,4384.27,4637,4318.38,4603.03,139275,19240
2025-08-28T00:00:00.000Z,4603.03,4668.49,4484.23,4513.38,103783,25212
2025-08-29T00:00:00.000Z,4513.38,4637,4430.98,4516.48,80542,13572
2025-08-30T00:00:00.000Z,4516.48,4519.39,4269.05,4364.49,173506,22961
2025-08-31T00:00:00.000Z,4364.49,4418.76,4261.25,4377,67723,11575
2025-09-01T00:00:00.000Z,4377,4502.15,4378.28,4394.81,81234,11362
2025-09-02T00:00:00.000Z,4394.81,4496.16,4213.89,4315.66,146812,20541
2025-09-03T00:00:00.000Z,4315.66,4418.08,4262.68,4328.76,117900,17733
2025-09-04T00:00:00.000Z,4328.76,4495.75,4286.95,4455.59,79237,14439
2025-09-05T00:00:00.000Z,4455.59,4488.44,4268.25,4299.01,97087,14373
2025-09-06T00:00:00.000Z,4299.01,4497,4257,4311.41,156875,20121
2025-09-07T00:00:00.000Z,4311.41,4332.28,4236.44,4275.28,42262,7485
2025-09-08T00:00:00.000Z,4275.28,4339.71,4271.57,4308.33,41246,7770
2025-09-09T00:00:00.000Z,4308.33,4387.7,4280.9,4308.59,115900,24670
2025-09-10T00:00:00.000Z,4308.59,4387.06,4279.29,4310.89,78447,17252
2025-09-11T00:00:00.000Z,4310.89,4457.9,4287.35,4350.48,95271,14105
2025-09-12T00:00:00.000Z,4350.48,4485.5,4340.41,4461.72,68991,11179
2025-09-13T00:00:00.000Z,4461.72,4753.6,4455.22,4715.97,97542,15785
2025-09-14T00:00:00.000Z,4715.97,4767.86,4610,4671.53,54647,9198
2025-09-15T00:00:00.000Z,4671.53,4694.83,4580,4606,52123,5903
2025-09-16T00:00:00.000Z,4606,4673.76,4470,4526.56,154759,16468
2025-09-17T00:00:00.000Z,4526.56,4541.16,4426.86,4507.11,75009,9542
2025-09-18T00:00:00.000Z,4507.11,4622.78,4414.8,4594.04,109158,15282
2025-09-19T00:00:00.000Z,4594.04,4649.7,4557.26,4592.01,49385,7964
2025-09-20T00:00:00.000Z,4592.01,4626.56,4439.52,4473.35,81904,9279
2025-09-21T00:00:00.000Z,4473.35,4513.52,4459.22,4485.81,39807,4968
2025-09-22T00:00:00.000Z,4485.81,4504.85,4448.47,4450.21,45513,6289
2025-09-23T00:00:00.000Z,4450.21,4459.74,4049.17,4200.99,210819,23545
2025-09-24T00:00:00.000Z,4200.99,4231.12,4116,4163.79,54598,9314
2025-09-25T00:00:00.000Z,4163.79,4207.31,4073.83,4153.76,69600,11043
2025-09-26T00:00:00.000Z,4153.76,4163.04,3826.71,3876,184323,23401
2025-09-27T00:00:00.000Z,3876,4072.45,3871.67,4037.23,139684,21916
2025-09-28T00:00:00.000Z,4037.23,4042.11,3976.3,4019.75,69886,7897
2025-09-29T00:00:00.000Z,4019.75,4148.5,3968.17,4147.82,99957,9713
2025-09-30T00:00:00.000Z,4147.82,4239.51,4085.15,4218.46,71677,9167
2025-10-01T00:00:00.000Z,4218.46,4248.36,4094.54,4147.54,76648,10691
2025-10-02T00:00:00.000Z,4147.54,4360.12,4126.23,4353.2,89021,11426
2025-10-03T00:00:00.000Z,4353.2,4522.58,4339.03,4489.85,82270,13145
2025-10-04T00:00:00.000Z,4489.85,4597,4434.32,4516.58,95132,13691
2025-10-05T00:00:00.000Z,4516.58,4523.19,4445.75,4491.86,38873,8300
2025-10-06T00:00:00.000Z,4491.86,4624.08,4471.61,4517.66,88582,14020
2025-10-07T00:00:00.000Z,4517.66,4740,4491.99,4691.61,85274,16660
2025-10-08T00:00:00.000Z,4691.61,4762.81,4434.1,4451.21,109266,16414
2025-10-09T00:00:00.000Z,4451.21,4563.17,4415,4531.5,59052,13800
2025-10-10T00:00:00.000Z,4531.5,4536.06,4266,4372.18,98391,15944
2025-10-11T00:00:00.000Z,4372.18,4398.44,3406.99,3823.75,558379,49895
2025-10-12T00:00:00.000Z,3823.75,3877.01,3647.08,3748.95,91768,19339
2025-10-13T00:00:00.000Z,3748.95,4201.39,3696.77,4157,111953,27616
2025-10-14T00:00:00.000Z,4157,4295.67,4046.48,4246.53,88654,19664
2025-10-15T00:00:00.000Z,4246.53,4267.41,3895.36,4129.17,106157,23710
2025-10-16T00:00:00.000Z,4129.17,4221.76,3931.2,3989.2000000000003,80901,20931
2025-10-17T00:00:00.000Z,3989.2000000000003,4088.48,3825,3898.78,100853,25358
2025-10-18T00:00:00.000Z,3898.78,3957.52,3678.15,3839.08,131400,27380
2025-10-19T00:00:00.000Z,3839.08,3931.25,3824.64,3894.05,37369,8159
2025-10-20T00:00:00.000Z,3894.05,4035,3831.1,3988.62,90293,18468
2025-10-21T00:00:00.000Z,3988.62,4093.66,3914.97,3982.2,68561,16265
2025-10-22T00:00:00.000Z,3982.2,4118.59,3844.48,3878.5,110624,25020
2025-10-23T00:00:00.000Z,3878.5,3891.27,3709.14,3804.9,127484,26025
2025-10-24T00:00:00.000Z,3804.9,3936.05,3797.53,3861.34,66734,13367
2025-10-25T00:00:00.000Z,3861.34,4025,3850,3936.09,82292,18038
2025-10-26T00:00:00.000Z,3936.09,3974.04,3916.96,3959.09,36565,9690
2025-10-27T00:00:00.000Z,3959.09,4187.59,3922.09,4163.72,84246,17350
2025-10-28T00:00:00.000Z,4163.72,4256.9,4095.3,4123.68,73372,16669
2025-10-29T00:00:00.000Z,4123.68,4177.95,3930.47,3981.98,86503,19303
2025-10-30T00:00:00.000Z,3981.98,4039,3837.9,3905.82,102912,19581
2025-10-31T00:00:00.000Z,3905.82,3952.44,3681,3808.41,111579,24706
2025-11-01T00:00:00.000Z,3808.41,3907.42,3800.24,3849.5,68967,15603
2025-11-02T00:00:00.000Z,3849.5,3913.98,3832.43,3876,37086,9692
2025-11-03T00:00:00.000Z,3876,3925,3840.51,3911.5,55034,10605
2025-11-04T00:00:00.000Z,3911.5,3917.15,3560.1,3607.07,137065,25622
2025-11-05T00:00:00.000Z,3607.07,3656.24,3059.11,3288.75,266123,41901
2025-11-06T00:00:00.000Z,3288.75,3485,3167.67,3424.98,140141,24090
2025-11-07T00:00:00.000Z,3424.98,3458.94,3247.21,3315.91,98314,20057
2025-11-08T00:00:00.000Z,3315.91,3475.55,3196.08,3438.89,121755,23625
2025-11-09T00:00:00.000Z,3438.89,3489.31,3357.69,3404.32,81976,14401
2025-11-10T00:00:00.000Z,3404.32,3625.17,3361.15,3584.88,78358,15501
2025-11-11T00:00:00.000Z,3584.88,3660.36,3510,3571.68,89911,17249
2025-11-12T00:00:00.000Z,3571.68,3651.37,3402.86,3419.96,110310,20759
2025-11-13T00:00:00.000Z,3419.96,3591.41,3373,3415.7,121144,25087
2025-11-14T00:00:00.000Z,3415.7,3567.99,3154.71,3236.51,194570,34768
2025-11-15T00:00:00.000Z,3236.51,3258.75,3072.15,3114.62,189179,25912
2025-11-16T00:00:00.000Z,3114.62,3232.08,3118.97,3167.61,64634,8013
2025-11-17T00:00:00.000Z,3167.61,3251.14,3006.17,3097.2,353140,27335
2025-11-18T00:00:00.000Z,3097.2,3224.22,2958.51,3028.61,191407,21799
2025-11-19T00:00:00.000Z,3028.61,3170.19,2945.98,3126.23,158778,20496
2025-11-20T00:00:00.000Z,3126.23,3127.87,2872.99,3025.4,188865,23243
2025-11-21T00:00:00.000Z,3025.4,3064.44,2789,2834.19,183131,24423
2025-11-22T00:00:00.000Z,2834.19,2887.4,2626,2765.9,248360,23024
2025-11-23T00:00:00.000Z,2765.9,2800.62,2706.63,2772.85,83097,10557
2025-11-24T00:00:00.000Z,2772.85,2862.42,2770.53,2803.34,107457,16695
2025-11-25T00:00:00.000Z,2803.34,2987.9,2763.32,2954.94,183915,27481