timestamp,open,high,low,close,volume,trades
2020-01-01T00:00:00.000Z,7218.5,7298.5,7115,7163,1097785557,352988
2020-01-02T00:00:00.000Z,7163,7234.5,7153,7179,762775093,274470
2020-01-03T00:00:00.000Z,7179,7183,6905.5,6942,1471023953,425292
2020-01-04T00:00:00.000Z,6942,7412,6855,7335,3050176897,751545
2020-01-05T00:00:00.000Z,7335,7399,7258.5,7345,1183967641,368114
2020-01-06T00:00:00.000Z,7345,7494,7310,7350.5,1533245110,424155
2020-01-07T00:00:00.000Z,7350.5,7799,7341.5,7756.5,2344491871,609959
2020-01-08T00:00:00.000Z,7756.5,8214.5,7740.5,8155.5,3903802488,854480
2020-01-09T00:00:00.000Z,8155.5,8462.5,7880,8046,4906482344,1012985
2020-01-10T00:00:00.000Z,8046,8046,7740.5,7810.5,2634163776,681100
2020-01-11T00:00:00.000Z,7810.5,8204,7682,8204,3782453314,925221
2020-01-12T00:00:00.000Z,8204,8295,8006.5,8023.5,2342781516,679745
2020-01-13T00:00:00.000Z,8023.5,8196,7955,8187,1576712742,498913
2020-01-14T00:00:00.000Z,8187,8200,8033.5,8104.5,1313199511,409746
2020-01-15T00:00:00.000Z,8104.5,8900,8104,8835.5,5589882784,1104320
2020-01-16T00:00:00.000Z,8835.5,8916.5,8578,8816.5,3523353461,768339
2020-01-17T00:00:00.000Z,8816.5,8854,8585.5,8719,2445274789,619724
2020-01-18T00:00:00.000Z,8719,9021,8670.5,8901,3728596348,794066
2020-01-19T00:00:00.000Z,8901,8984,8810,8916.5,1836510291,504752
2020-01-20T00:00:00.000Z,8916.5,9190,8430,8700.5,3742743016,783253
2020-01-21T00:00:00.000Z,8700.5,8739,8516,8632.5,2016471911,505889
2020-01-22T00:00:00.000Z,8632.5,8772.5,8455,8727.5,1797763495,466583
2020-01-23T00:00:00.000Z,8727.5,8796.5,8552,8664.5,1313340524,368683
2020-01-24T00:00:00.000Z,8664.5,8669.5,8283.5,8392,2892720411,671484
2020-01-25T00:00:00.000Z,8392,8515,8223.5,8425.5,2520283967,576726
2020-01-26T00:00:00.000Z,8425.5,8427.5,8251,8326,1484100809,397655
2020-01-27T00:00:00.000Z,8326,8599.5,8286,8597.5,1814758342,452126
2020-01-28T00:00:00.000Z,8597.5,8994.5,8566,8900,3131528831,634879
2020-01-29T00:00:00.000Z,8900,9434,8886,9400,4571974682,892413
2020-01-30T00:00:00.000Z,9400,9440,9235,9294.5,3016724002,633542
2020-01-31T00:00:00.000Z,9294.5,9579,9052,9510,3871834826,722011
2020-02-01T00:00:00.000Z,9510,9528,9205,9339.5,2429182170,540931
2020-02-02T00:00:00.000Z,9339.5,9464,9287.5,9382,1606928169,416480
2020-02-03T00:00:00.000Z,9382,9483.5,9113,9325,2558075884,570938
2020-02-04T00:00:00.000Z,9325,9619,9220,9282,2901398321,583506
2020-02-05T00:00:00.000Z,9282,9348,9080,9166,2851149240,562576
2020-02-06T00:00:00.000Z,9166,9779,9157,9630,3835754054,684599
2020-02-07T00:00:00.000Z,9630,9869,9530,9763,3831983024,675691
2020-02-08T00:00:00.000Z,9763,9890,9713,9815,2479752042,501179
2020-02-09T00:00:00.000Z,9815,9957.5,9665.5,9908,2628334844,517274
2020-02-10T00:00:00.000Z,9908,10185.5,9899,10172.5,2935217599,558032
2020-02-11T00:00:00.000Z,10172.5,10199,9715.5,9862.5,3654168022,701152
2020-02-12T00:00:00.000Z,9862.5,10400,9725,10286,3819505406,680240
2020-02-13T00:00:00.000Z,10286,10500,10257,10363,3195518429,622545
2020-02-14T00:00:00.000Z,10363,10550,10075,10241,4590116972,853637
2020-02-15T00:00:00.000Z,10241,10393,10119,10369.5,2321594602,519420
2020-02-16T00:00:00.000Z,10369.5,10402.5,9731,9907,2793702129,546848
2020-02-17T00:00:00.000Z,9907,10049,9642,9934,2631092637,607092
2020-02-18T00:00:00.000Z,9934,9970,9485,9715,3536302919,745141
2020-02-19T00:00:00.000Z,9715,10300,9621,10195.5,3722933606,742140
2020-02-20T00:00:00.000Z,10195.5,10331,9260.5,9596.5,4113270117,749976
2020-02-21T00:00:00.000Z,9596.5,9688,9354,9607.5,2896538588,565110
2020-02-22T00:00:00.000Z,9607.5,9788,9506,9694,1943485619,444784
2020-02-23T00:00:00.000Z,9694,9718.5,9560.5,9675.5,1047504190,299239
2020-02-24T00:00:00.000Z,9675.5,10045,9674.5,9966,2129179142,456599
2020-02-25T00:00:00.000Z,9966,10036,9480,9660.5,3127248830,674542
2020-02-26T00:00:00.000Z,9660.5,9697.5,9233.5,9317,2825728347,652016
2020-02-27T00:00:00.000Z,9317,9368,8580,8780,4672566740,908053
2020-02-28T00:00:00.000Z,8780,8969,8523,8820,3233578879,730658
2020-02-29T00:00:00.000Z,8820,8902.5,8438,8717.5,3535037527,824892
2020-03-01T00:00:00.000Z,8717.5,8806.5,8525.5,8531.5,1624579497,499069
2020-03-02T00:00:00.000Z,8531.5,8769,8400,8532.5,2865341712,736828
2020-03-03T00:00:00.000Z,8532.5,8967,8490,8918.5,2260357992,594418
2020-03-04T00:00:00.000Z,8918.5,8930,8660,8757,2506496796,603755
2020-03-05T00:00:00.000Z,8757,8849,8665,8756.5,1706557363,482268
2020-03-06T00:00:00.000Z,8756.5,9171,8756,9070.5,2680324726,607417
2020-03-07T00:00:00.000Z,9070.5,9180,9001,9158.5,1771717908,428392
2020-03-08T00:00:00.000Z,9158.5,9224.5,8851,8900,2109118200,485186
2020-03-09T00:00:00.000Z,8900,8900,8001,8038.5,3565316312,813564
2020-03-10T00:00:00.000Z,8038.5,8184.5,7630.5,7928,4800156501,1119012
2020-03-11T00:00:00.000Z,7928,8150,7723,7889.5,3415078897,764935
2020-03-12T00:00:00.000Z,7889.5,7985,7593,7939,2616658378,755014
2020-03-13T00:00:00.000Z,7939,7967,4266,4346,9879605680,2038313
2020-03-14T00:00:00.000Z,4346,5873.5,3596,5571.5,8470456293,2019899
2020-03-15T00:00:00.000Z,5571.5,5651,5046,5160.5,2284697834,1038656
2020-03-16T00:00:00.000Z,5160.5,5974,5087,5338.5,2416784951,1058121
2020-03-17T00:00:00.000Z,5338.5,5347.5,4394,5036.5,3767784970,1760930
2020-03-18T00:00:00.000Z,5036.5,5566,4930,5327,2483878294,1246806
2020-03-19T00:00:00.000Z,5327,5455,5003.5,5409.5,2329210649,1122177
2020-03-20T00:00:00.000Z,5409.5,6464,5260,6185,2961750416,1218489
2020-03-21T00:00:00.000Z,6185,6946,5653,6204,3783695861,1491646
2020-03-22T00:00:00.000Z,6204,6448,5860,6192,2179889762,1045460
2020-03-23T00:00:00.000Z,6192,6422.5,5737.5,5820.5,2206628792,1019419
2020-03-24T00:00:00.000Z,5820.5,6640.5,5683,6486,2720999038,1087715
2020-03-25T00:00:00.000Z,6486,6876.5,6400,6765,2242836537,974631
2020-03-26T00:00:00.000Z,6765,6984,6454,6685.5,2234063864,918092
2020-03-27T00:00:00.000Z,6685.5,6793.5,6490,6760.5,1532859653,659431
2020-03-28T00:00:00.000Z,6760.5,6875,6250.5,6363.5,1641982373,615327
2020-03-29T00:00:00.000Z,6363.5,6364,6031.5,6250,1883833066,705022
2020-03-30T00:00:00.000Z,6250,6277,5860.5,5869,1502675683,593828
2020-03-31T00:00:00.000Z,5869,6647,5846,6408,2146883987,797887
2020-04-01T00:00:00.000Z,6408,6524.5,6325,6425,1367303451,593295
2020-04-02T00:00:00.000Z,6425,6723.5,6141.5,6671.5,2207635222,771841
2020-04-03T00:00:00.000Z,6671.5,7299,6571,6795.5,2972605816,962439
2020-04-04T00:00:00.000Z,6795.5,7049.5,6600,6738,2140975954,783094
2020-04-05T00:00:00.000Z,6738,7097,6600,6875,1619522774,645145
2020-04-06T00:00:00.000Z,6875,6920,6660.5,6775.5,1148471580,511370
2020-04-07T00:00:00.000Z,6775.5,7391.5,6766,7338,2341814274,869947
2020-04-08T00:00:00.000Z,7338,7475.5,7076,7193,2098135699,803792
2020-04-09T00:00:00.000Z,7193,7430,7152,7362.5,1776328298,727230
2020-04-10T00:00:00.000Z,7362.5,7373,7080,7289.5,1676985467,629724
2020-04-11T00:00:00.000Z,7289.5,7299,6754,6868.5,2206832440,764215
2020-04-12T00:00:00.000Z,6868.5,6950,6766,6885,1054582288,466526
2020-04-13T00:00:00.000Z,6885,7197,6780.5,6905.5,1720103437,626239
2020-04-14T00:00:00.000Z,6905.5,6930.5,6540,6853,2252284386,810624
2020-04-15T00:00:00.000Z,6853,6985.5,6765,6868,1400091537,640192
2020-04-16T00:00:00.000Z,6868,6940,6601.5,6615.5,1489184700,577010
2020-04-17T00:00:00.000Z,6615.5,7245,6463,7106.5,3006153467,1008035
2020-04-18T00:00:00.000Z,7106.5,7156.5,6991,7025,1225409067,503123
2020-04-19T00:00:00.000Z,7025,7305,7005.5,7256.5,1302161155,434956
2020-04-20T00:00:00.000Z,7256.5,7274,7053,7125.5,1139540564,403073
2020-04-21T00:00:00.000Z,7125.5,7237.5,6751.5,6833,2362464868,724778
2020-04-22T00:00:00.000Z,6833,6959,6762.5,6848.5,1528684889,603412
2020-04-23T00:00:00.000Z,6848.5,7189,6822,7133.5,1450803027,572398
2020-04-24T00:00:00.000Z,7133.5,7802,7023.5,7492,2488032747,935125
2020-04-25T00:00:00.000Z,7492,7610,7380,7503.5,1473830307,621057
2020-04-26T00:00:00.000Z,7503.5,7745,7431,7542,1362595381,641738
2020-04-27T00:00:00.000Z,7542,7720,7450,7702.5,1432590477,674889
2020-04-28T00:00:00.000Z,7702.5,7836.5,7625,7788,1663495897,811266
2020-04-29T00:00:00.000Z,7788,7795.5,7651,7752,1154456663,520240
2020-04-30T00:00:00.000Z,7752,8978,7706,8794,5110631297,2384499
2020-05-01T00:00:00.000Z,8794,9481,8407,8627.5,5794365072,3661752
2020-05-02T00:00:00.000Z,8627.5,9065,8622.5,8832,2573647732,2085264
2020-05-03T00:00:00.000Z,8832,9020,8755,8980.5,1560102376,1153635
2020-05-04T00:00:00.000Z,8980.5,9200,8724.5,8907.5,2666607086,2226030
2020-05-05T00:00:00.000Z,8907.5,8970,8527,8885,2424132603,1862684
2020-05-06T00:00:00.000Z,8885,9122,8760,9025.5,2291572960,1044095
2020-05-07T00:00:00.000Z,9025.5,9424.5,8920,9153.5,2902813165,831669
2020-05-08T00:00:00.000Z,9153.5,10085.5,9009,10010,4370697867,959997
2020-05-09T00:00:00.000Z,10010,10050,9728.5,9806.5,3138865117,669070
2020-05-10T00:00:00.000Z,9806.5,9914.5,9511,9537.5,2448399578,586029
2020-05-11T00:00:00.000Z,9537.5,9570.5,8100,8727.5,5273700229,1178745
2020-05-12T00:00:00.000Z,8727.5,9163,8160,8565.5,4956763516,1176182
2020-05-13T00:00:00.000Z,8565.5,8979.5,8529,8822.5,2175540768,636917
2020-05-14T00:00:00.000Z,8822.5,9415,8803.5,9314.5,2308094044,639508
2020-05-15T00:00:00.000Z,9314.5,9970,9260,9801.5,3582078491,845699
2020-05-16T00:00:00.000Z,9801.5,9857,9100,9315.5,3557587206,850095
2020-05-17T00:00:00.000Z,9315.5,9593,9219.5,9384,1695988070,534764
2020-05-18T00:00:00.000Z,9384,9910,9335,9677,1906941149,541801
2020-05-19T00:00:00.000Z,9677,9979,9280,9727,2328475675,615508
2020-05-20T00:00:00.000Z,9727,9911,9401,9786.5,2217743953,585015
2020-05-21T00:00:00.000Z,9786.5,9850,9273,9505,2171424772,559270
2020-05-22T00:00:00.000Z,9505,9570.5,8800,9059,2627516144,695060
2020-05-23T00:00:00.000Z,9059,9264,8926,9159.5,1470310195,434060
2020-05-24T00:00:00.000Z,9159.5,9310,9075,9168.5,1121957426,362621
2020-05-25T00:00:00.000Z,9168.5,9305.5,8669,8705.5,2071794094,569455
2020-05-26T00:00:00.000Z,8705.5,8978,8618,8893.5,1624486471,503876
2020-05-27T00:00:00.000Z,8893.5,9014.5,8686,8838.5,1533118499,456855
2020-05-28T00:00:00.000Z,8838.5,9230,8811.5,9205,1580447514,425823
2020-05-29T00:00:00.000Z,9205,9629,9105.5,9582.5,1783582616,489207
2020-05-30T00:00:00.000Z,9582.5,9610,9328,9427.5,1306089040,399588
2020-05-31T00:00:00.000Z,9427.5,9765,9323,9702,1437913147,427033
2020-06-01T00:00:00.000Z,9702,9707,9382,9445.5,1326927953,397028
2020-06-02T00:00:00.000Z,9445.5,10473,9420,10250.5,2221794381,541860
2020-06-03T00:00:00.000Z,10250.5,10273,8600.5,9520,2585912904,579016
2020-06-04T00:00:00.000Z,9520,9695,9383,9668,1103857150,328879
2020-06-05T00:00:00.000Z,9668,9898,9406,9799,1624745461,435737
2020-06-06T00:00:00.000Z,9799,9860.5,9577,9610.5,1486778525,381841
2020-06-07T00:00:00.000Z,9610.5,9770,9526,9668.5,979168883,279377
2020-06-08T00:00:00.000Z,9668.5,9845.5,9360,9760.5,1791286313,419493
2020-06-09T00:00:00.000Z,9760.5,9825,9650,9793,1176497554,280742
2020-06-10T00:00:00.000Z,9793,9899,9465,9784,1434255877,345685
2020-06-11T00:00:00.000Z,9784,10180,9600.5,9894,1352445011,335881
2020-06-12T00:00:00.000Z,9894,10050,9012,9259,2838725012,569215
2020-06-13T00:00:00.000Z,9259,9547,9222.5,9459.5,1233783617,339418
2020-06-14T00:00:00.000Z,9459.5,9500,9330,9476,714012720,234971
2020-06-15T00:00:00.000Z,9476,9483,9232,9327,940678663,264736
2020-06-16T00:00:00.000Z,9327,9544.5,8892,9426,2314161709,539506
2020-06-17T00:00:00.000Z,9426,9599.5,9387,9522.5,1275427288,333360
2020-06-18T00:00:00.000Z,9522.5,9576,9219.5,9452.5,1354980917,322717
2020-06-19T00:00:00.000Z,9452.5,9495,9268.5,9374,917426917,280555
2020-06-20T00:00:00.000Z,9374,9450,9226,9296.5,1297704623,328213
2020-06-21T00:00:00.000Z,9296.5,9399,9141,9358.5,931809409,261251
2020-06-22T00:00:00.000Z,9358.5,9424.5,9272,9286.5,647865073,203594
2020-06-23T00:00:00.000Z,9286.5,9794.5,9272,9692,1357919700,320939
2020-06-24T00:00:00.000Z,9692,9724.5,9580,9624,884855830,231371
2020-06-25T00:00:00.000Z,9624,9668.5,9200,9287,1825790740,369632
2020-06-26T00:00:00.000Z,9287,9336.5,8981,9240,1511880706,365452
2020-06-27T00:00:00.000Z,9240,9286,9025,9148.5,1375341566,364272
2020-06-28T00:00:00.000Z,9148.5,9186,8827,8997.5,1152481781,332667
2020-06-29T00:00:00.000Z,8997.5,9185,8927.5,9114.5,762355479,236937
2020-06-30T00:00:00.000Z,9114.5,9234.5,9013,9188,1012013657,267515
2020-07-01T00:00:00.000Z,9188,9198,9040,9132.5,816651655,214181
2020-07-02T00:00:00.000Z,9132.5,9296.5,9086.5,9234.5,998150625,250779
2020-07-03T00:00:00.000Z,9234.5,9259,8932,9084.5,1434090493,310644
2020-07-04T00:00:00.000Z,9084.5,9122,9016,9055.5,541298881,163218
2020-07-05T00:00:00.000Z,9055.5,9196.5,9039.5,9142,604764682,159853
2020-07-06T00:00:00.000Z,9142,9143,8906.5,9078,920008314,216369
2020-07-07T00:00:00.000Z,9078,9389,9066,9348,1314548157,282290
2020-07-08T00:00:00.000Z,9348,9388.5,9202.5,9251,840537930,217236
2020-07-09T00:00:00.000Z,9251,9490,9233.5,9443,1151562304,282898
2020-07-10T00:00:00.000Z,9443,9443.5,9161,9235.5,1287224190,297202
2020-07-11T00:00:00.000Z,9235.5,9320,9114,9290.5,958497314,225527
2020-07-12T00:00:00.000Z,9290.5,9302,9183,9232,485313627,137630
2020-07-13T00:00:00.000Z,9232,9353,9160,9305,885341892,218911
2020-07-14T00:00:00.000Z,9305,9378.5,9198,9230,952998765,221543
2020-07-15T00:00:00.000Z,9230,9277,9076,9256.5,921755131,204337
2020-07-16T00:00:00.000Z,9256.5,9273,9150,9188,738636331,180190
2020-07-17T00:00:00.000Z,9188,9213,9026.5,9130.5,926726125,229264
2020-07-18T00:00:00.000Z,9130.5,9181,9080.5,9154,528872495,135180
2020-07-19T00:00:00.000Z,9154,9228,9113.5,9172.5,461545873,108956
2020-07-20T00:00:00.000Z,9172.5,9250,9089,9219,589195390,138438
2020-07-21T00:00:00.000Z,9219,9228,9125,9160,540319829,130138
2020-07-22T00:00:00.000Z,9160,9447,9155.5,9393,1264071828,267410
2020-07-23T00:00:00.000Z,9393,9584,9290,9537.5,972162224,217447
2020-07-24T00:00:00.000Z,9537.5,9692.5,9452,9611.5,1178335665,255278
2020-07-25T00:00:00.000Z,9611.5,9648.5,9477.5,9549,958889621,218815
2020-07-26T00:00:00.000Z,9549,9765,9538,9712,987156909,237824
2020-07-27T00:00:00.000Z,9712,10272,9664,9940.5,1802767312,358291
2020-07-28T00:00:00.000Z,9940.5,11431,9940,11063.5,4947737792,927670
2020-07-29T00:00:00.000Z,11063.5,11270,10603,10941.5,3202769044,709437
2020-07-30T00:00:00.000Z,10941.5,11362.5,10865,11108.5,2098115704,528904
2020-07-31T00:00:00.000Z,11108.5,11198,10845.5,11127.5,1500081116,338663
2020-08-01T00:00:00.000Z,11127.5,11470,10970.5,11361,2064106128,453596
2020-08-02T00:00:00.000Z,11361,11908.5,11246,11827.5,2475714514,529214
2020-08-03T00:00:00.000Z,11827.5,12163.5,10560,11072,3479179292,627422
2020-08-04T00:00:00.000Z,11072,11484.5,10931,11244,1536256355,345860
2020-08-05T00:00:00.000Z,11244,11429,10981.5,11188,1551641491,358396
2020-08-06T00:00:00.000Z,11188,11800,11042,11765.5,1900928277,399181
2020-08-07T00:00:00.000Z,11765.5,11924,11583.5,11768.5,1699933174,358892
2020-08-08T00:00:00.000Z,11768.5,11919,11330,11600,2048399616,394281
2020-08-09T00:00:00.000Z,11600,11822,11530,11773,1087906266,287187
2020-08-10T00:00:00.000Z,11773,11821.5,11532.5,11691,1015369966,280254
2020-08-11T00:00:00.000Z,11691,12110,11435.5,11900.5,2411212574,481225
2020-08-12T00:00:00.000Z,11900.5,11949.5,11125,11383,2816090978,577949
2020-08-13T00:00:00.000Z,11383,11619.5,11078.5,11570.5,1516495486,358987
2020-08-14T00:00:00.000Z,11570.5,11820,11270.5,11805,1935771382,422831
2020-08-15T00:00:00.000Z,11805,11868.5,11658.5,11777,1134968692,308427
2020-08-16T00:00:00.000Z,11777,12013,11690.5,11864.5,1376560697,358261
2020-08-17T00:00:00.000Z,11864.5,11941,11700,11926,1128671195,273680
2020-08-18T00:00:00.000Z,11926,12500,11620.5,12308.5,2605664248,495390
2020-08-19T00:00:00.000Z,12308.5,12404.5,11810.5,11956.5,2219401770,420530
2020-08-20T00:00:00.000Z,11956.5,12019.5,11540,11761,2074507698,429236
2020-08-21T00:00:00.000Z,11761,11897,11676,11869,929068278,222742
2020-08-22T00:00:00.000Z,11869,11884.5,11483,11529.5,1729186824,355837
2020-08-23T00:00:00.000Z,11529.5,11686,11373,11675.5,1031435065,214111
2020-08-24T00:00:00.000Z,11675.5,11711,11530.5,11657,848794552,176591
2020-08-25T00:00:00.000Z,11657,11835,11605,11757.5,1027357727,195152
2020-08-26T00:00:00.000Z,11757.5,11771.5,11101.5,11319,2290436953,468234
2020-08-27T00:00:00.000Z,11319,11550,11251,11466,1410010209,289261
2020-08-28T00:00:00.000Z,11466,11599,11116.5,11331.5,2232804815,421385
2020-08-29T00:00:00.000Z,11331.5,11548.5,11284.5,11528.5,1105951574,221469
2020-08-30T00:00:00.000Z,11528.5,11590.5,11414.5,11483,830101571,171375
2020-08-31T00:00:00.000Z,11483,11724,11470,11719,989754767,184454
2020-09-01T00:00:00.000Z,11719,11794,11571.5,11658,1301120346,224487
2020-09-02T00:00:00.000Z,11658,12071,11540.5,11937,1987744352,334130
2020-09-03T00:00:00.000Z,11937,11957.5,11165,11398.5,2547385654,420033
2020-09-04T00:00:00.000Z,11398.5,11473,9922,10144,3582711111,616113
2020-09-05T00:00:00.000Z,10144,10636,9880,10455,2496103902,543918
2020-09-06T00:00:00.000Z,10455,10570,9817.5,10161.5,2295656172,595462
2020-09-07T00:00:00.000Z,10161.5,10347,9993,10250.5,1164344776,354898
2020-09-08T00:00:00.000Z,10250.5,10413,9867,10379.5,1690275573,414962
2020-09-09T00:00:00.000Z,10379.5,10460.5,9811,10126.5,2186141321,490801
2020-09-10T00:00:00.000Z,10126.5,10350,9982.5,10222.5,1103571425,266884
2020-09-11T00:00:00.000Z,10222.5,10488,10219,10343,1143320649,282539
2020-09-12T00:00:00.000Z,10343,10430,10200.5,10395.5,843676265,211557
2020-09-13T00:00:00.000Z,10395.5,10477,10271,10441,572741240,148544
2020-09-14T00:00:00.000Z,10441,10583,10201.5,10328,1033507088,216143
2020-09-15T00:00:00.000Z,10328,10750,10251,10671.5,1335592644,285941
2020-09-16T00:00:00.000Z,10671.5,10925,10621,10776,1381492211,318033
2020-09-17T00:00:00.000Z,10776,11091.5,10659,10949.5,1349236607,313637
2020-09-18T00:00:00.000Z,10949.5,11045,10737,10942,1090445146,253398
2020-09-19T00:00:00.000Z,10942,11039.5,10815.5,10927.5,882174620,196099
2020-09-20T00:00:00.000Z,10927.5,11192,10892,11080,949727352,190345
2020-09-21T00:00:00.000Z,11080,11080.5,10763.5,10913,950477420,212250
2020-09-22T00:00:00.000Z,10913,10984,10280,10411,1937060896,373447
2020-09-23T00:00:00.000Z,10411,10570,10328.5,10523,1054002000,227919
2020-09-24T00:00:00.000Z,10523,10533,10130,10228,1172400450,238235
2020-09-25T00:00:00.000Z,10228,10813.5,10190.5,10739.5,1491937080,284541
2020-09-26T00:00:00.000Z,10739.5,10757.5,10551,10689,1015842106,224285
2020-09-27T00:00:00.000Z,10689,10829.5,10655,10729.5,668587708,149640
2020-09-28T00:00:00.000Z,10729.5,10795,10590,10775,767602632,154113
2020-09-29T00:00:00.000Z,10775,10946,10599,10688,1100141402,201422
2020-09-30T00:00:00.000Z,10688,10855,10600,10839.5,967088415,191842
2020-10-01T00:00:00.000Z,10839.5,10842,10650,10778.5,905149206,189391
2020-10-02T00:00:00.000Z,10778.5,10980,10450,10607,1693116204,294461
2020-10-03T00:00:00.000Z,10607,10655,10376,10563.5,1165536603,239015
2020-10-04T00:00:00.000Z,10563.5,10610.5,10493,10544,472896875,125868
2020-10-05T00:00:00.000Z,10544,10698.5,10522,10672.5,496221891,131439
2020-10-06T00:00:00.000Z,10672.5,10798.5,10621.5,10788.5,660645024,145599
2020-10-07T00:00:00.000Z,10788.5,10795.5,10505,10591,967073304,202069
2020-10-08T00:00:00.000Z,10591,10675,10552,10668.5,585066308,126020
2020-10-09T00:00:00.000Z,10668.5,10954,10525.5,10926.5,1071262005,222291
2020-10-10T00:00:00.000Z,10926.5,11102.5,10833,11056.5,759471629,170074
2020-10-11T00:00:00.000Z,11056.5,11490,11055.5,11297,1032606981,229706
2020-10-12T00:00:00.000Z,11297,11449,11279,11371,765624818,168194
2020-10-13T00:00:00.000Z,11371,11730,11190,11544,1400865680,257813
2020-10-14T00:00:00.000Z,11544,11560,11313,11424,1081121228,218621
2020-10-15T00:00:00.000Z,11424,11555,11289,11416.5,963252867,198014
2020-10-16T00:00:00.000Z,11416.5,11645,11271.5,11510,1057990261,213864
2020-10-17T00:00:00.000Z,11510,11549,11212,11320,1084343083,221080
2020-10-18T00:00:00.000Z,11320,11413.5,11221.5,11364,525201699,119530
2020-10-19T00:00:00.000Z,11364,11509,11347,11507,515252202,115645
2020-10-20T00:00:00.000Z,11507,11835,11417,11752,1207957271,240326
2020-10-21T00:00:00.000Z,11752,12059,11675.5,11914.5,1654398028,325667
2020-10-22T00:00:00.000Z,11914.5,13239,11895,12814,3417940359,555498
2020-10-23T00:00:00.000Z,12814,13219,12665.5,12990.5,1976997877,375741
2020-10-24T00:00:00.000Z,12990.5,13042.5,12727.5,12941,1149209117,236503
2020-10-25T00:00:00.000Z,12941,13186,12888,13129.5,903314606,208678
2020-10-26T00:00:00.000Z,13129.5,13377,12855,13038,1196467410,230313
2020-10-27T00:00:00.000Z,13038,13270,12776,13069,1610805969,303010
2020-10-28T00:00:00.000Z,13069,13801.5,13060,13642.5,2128904272,385202
2020-10-29T00:00:00.000Z,13642.5,13854.5,12905.5,13268,2590188154,441363
2020-10-30T00:00:00.000Z,13268,13638,12983,13461.5,1960110483,348667
2020-10-31T00:00:00.000Z,13461.5,13675,13119.5,13557.5,1884089370,366800
2020-11-01T00:00:00.000Z,13557.5,14135,13421,13802.5,1772871976,367719
2020-11-02T00:00:00.000Z,13802.5,13903,13622.5,13756.5,922811251,228598
2020-11-03T00:00:00.000Z,13756.5,13840,13212.5,13566,1740227757,323653
2020-11-04T00:00:00.000Z,13566,14077,13288,14034,1673203841,329985
2020-11-05T00:00:00.000Z,14034,14279,13533.5,14151.5,2129841518,418403
2020-11-06T00:00:00.000Z,14151.5,15791.5,14114,15605,3180721468,491134
2020-11-07T00:00:00.000Z,15605,15979,15200.5,15608.5,2827497868,405357
2020-11-08T00:00:00.000Z,15608.5,15780,14366.5,14838,2592662622,395384
2020-11-09T00:00:00.000Z,14838,15670,14738,15499,1455313545,279845
2020-11-10T00:00:00.000Z,15499,15875.5,14843,15342.5,2377187415,411544
2020-11-11T00:00:00.000Z,15342.5,15490,15079.5,15309.5,1355001035,250864
2020-11-12T00:00:00.000Z,15309.5,16067,15288.5,15719,1559444291,296481
2020-11-13T00:00:00.000Z,15719,16368.5,15460,16316,2229996928,391874
2020-11-14T00:00:00.000Z,16316,16499,15965.5,16340,1579054970,291138
2020-11-15T00:00:00.000Z,16340,16340,15718,16083,1295478185,256364
2020-11-16T00:00:00.000Z,16083,16169.5,15795,15973,1008923756,200991
2020-11-17T00:00:00.000Z,15973,16886,15889.5,16718,1715669172,297433
2020-11-18T00:00:00.000Z,16718,17890,16532.5,17683.5,2840549478,402901
2020-11-19T00:00:00.000Z,17683.5,18500,17221,17788.5,3789521364,556666
2020-11-20T00:00:00.000Z,17788.5,18230.5,17350,17824,2165844721,369721
2020-11-21T00:00:00.000Z,17824,18837.5,17763,18672.5,2331879627,378892
2020-11-22T00:00:00.000Z,18672.5,18989.5,18283.5,18725,1851016742,344309
2020-11-23T00:00:00.000Z,18725,18781.5,17656,18464,2186105725,387726
2020-11-24T00:00:00.000Z,18464,18785,18045,18393.5,2156681517,373871
2020-11-25T00:00:00.000Z,18393.5,19449,18045,19193,2767550413,437723
2020-11-26T00:00:00.000Z,19193,19546.5,18490.5,18751,2400452266,391288
2020-11-27T00:00:00.000Z,18751,18924.5,16220,17165.5,4869547159,677659
2020-11-28T00:00:00.000Z,17165.5,17477,16460,17153,2299039122,372194
2020-11-29T00:00:00.000Z,17153,17874.5,16898.5,17736.5,1356626364,258100
2020-11-30T00:00:00.000Z,17736.5,18345,17536.5,18195,1241460612,251109
2020-12-01T00:00:00.000Z,18195,19949,18195.5,19714.5,3107683217,433103
2020-12-02T00:00:00.000Z,19714.5,19958,18140,18793,3165344547,519659
2020-12-03T00:00:00.000Z,18793,19351,18334,19221.5,1729762100,370173
2020-12-04T00:00:00.000Z,19221.5,19632,18880.5,19450.5,1371217335,259875
2020-12-05T00:00:00.000Z,19450.5,19545,18559,18658.5,1688264359,287557
2020-12-06T00:00:00.000Z,18658.5,19194.5,18503.5,19155.5,926099520,189737
2020-12-07T00:00:00.000Z,19155.5,19447,18880,19394,1048486560,176669
2020-12-08T00:00:00.000Z,19394,19450,18914,19188,1038976792,169899
2020-12-09T00:00:00.000Z,19188,19303,18156.5,18306.5,1626238181,277447
2020-12-10T00:00:00.000Z,18306.5,18626.5,17630,18533,1911129220,324201
2020-12-11T00:00:00.000Z,18533,18539,17925,18247,1250055625,227542
2020-12-12T00:00:00.000Z,18247,18286,17563.5,18037.5,1868706439,298330
2020-12-13T00:00:00.000Z,18037.5,18950,18020,18812.5,1118565731,178928
2020-12-14T00:00:00.000Z,18812.5,19439,18730,19172,1363478354,203962
2020-12-15T00:00:00.000Z,19172,19355,19007.5,19272,974421380,171865
2020-12-16T00:00:00.000Z,19272,19595,19055,19439,1531807702,223082
2020-12-17T00:00:00.000Z,19439,21604.5,19291.5,21380,2906159364,390875
2020-12-18T00:00:00.000Z,21380,23837.5,21273.5,22821.5,5867478897,667858
2020-12-19T00:00:00.000Z,22821.5,23312.5,22359,23134.5,1905514933,299958
2020-12-20T00:00:00.000Z,23134.5,24300,22780,23874.5,2075861972,326981
2020-12-21T00:00:00.000Z,23874.5,24350.5,23111,23491,2109245363,325994
2020-12-22T00:00:00.000Z,23491,24157.5,21800,22741.5,3330895998,414387
2020-12-23T00:00:00.000Z,22741.5,23865,22400,23835,1923966495,298143
2020-12-24T00:00:00.000Z,23835,24163,22590.5,23241,3088958589,396596
2020-12-25T00:00:00.000Z,23241,23795.5,22680,23740,1922526568,271276
2020-12-26T00:00:00.000Z,23740,24812,23452,24728.5,2409655649,305914
2020-12-27T00:00:00.000Z,24728.5,26880,24500.5,26490,2293397405,362076
2020-12-28T00:00:00.000Z,26490,28395,25848,26254,4152651254,519353
2020-12-29T00:00:00.000Z,26254,27495,26073,27039.5,2222773553,325960
2020-12-30T00:00:00.000Z,27039.5,27411,25887,27379.5,2238690113,315084
2020-12-31T00:00:00.000Z,27379.5,29021,27380,28907.5,3081874067,413548
2021-01-01T00:00:00.000Z,28907.5,29350,27941,28951,2319304701,347364
2021-01-02T00:00:00.000Z,28951,29717,28701.5,29402.5,1838861284,255642
2021-01-03T00:00:00.000Z,29402.5,33430,29028.5,32185,4616478195,559534
2021-01-04T00:00:00.000Z,32185,34896,31988,33062.5,4233140121,561664
2021-01-05T00:00:00.000Z,33062.5,33670,27650,32044.5,5115041875,636954
2021-01-06T00:00:00.000Z,32044.5,34600,29936.5,34107.5,3831661018,524558
2021-01-07T00:00:00.000Z,34107.5,37074.5,33390.5,36883,4337625799,573367
2021-01-08T00:00:00.000Z,36883,40567,36383.5,39487,4867691089,608664
2021-01-09T00:00:00.000Z,39487,42084,36595,40600,5295943183,682913
2021-01-10T00:00:00.000Z,40600,41495,38760.5,40291.5,2903820217,420119
2021-01-11T00:00:00.000Z,40291.5,41527.5,34900,38225,4268255145,569575
2021-01-12T00:00:00.000Z,38225,38293,30377.5,35390,8176174490,1071019
2021-01-13T00:00:00.000Z,35390,36671.5,32555,34026,4398254106,609335
2021-01-14T00:00:00.000Z,34026,37800,32357.5,37390.5,3490456520,471649
2021-01-15T00:00:00.000Z,37390.5,40163.5,36781.5,39143.5,3215293113,419734
2021-01-16T00:00:00.000Z,39143.5,39722,34347,36734.5,4349394468,537900
2021-01-17T00:00:00.000Z,36734.5,37969.5,35420.5,36007,2716337938,433918
2021-01-18T00:00:00.000Z,36007,36852.5,33862,35870,2787817743,417991
2021-01-19T00:00:00.000Z,35870,37533.5,34774.5,36684.5,2534623334,360343
2021-01-20T00:00:00.000Z,36684.5,37920,35810.5,35898,2652624979,372084
2021-01-21T00:00:00.000Z,35898,36381.5,33333,35489,3153189209,427275
2021-01-22T00:00:00.000Z,35489,35598,29961,30810.5,4827957533,607882
2021-01-23T00:00:00.000Z,30810.5,33835.5,28802,33003,4047359471,521626
2021-01-24T00:00:00.000Z,33003,33475,31413,32090,2248018972,330265
2021-01-25T00:00:00.000Z,32090,33120,30936,32290.5,1904546206,265458
2021-01-26T00:00:00.000Z,32290.5,34872.5,31910.5,32221,3037356566,365181
2021-01-27T00:00:00.000Z,32221,32928,30803,32500,2807905742,393698
2021-01-28T00:00:00.000Z,32500,32558.5,29270,30381,3182339546,452775
2021-01-29T00:00:00.000Z,30381,33793,29880,33446,2408020667,361433
2021-01-30T00:00:00.000Z,33446,38730,31999.5,34230,6550659922,754929
2021-01-31T00:00:00.000Z,34230,34889,32781,34310.5,2227538611,326820
2021-02-01T00:00:00.000Z,34310.5,34362,32176,33101,1627575811,279359
2021-02-02T00:00:00.000Z,33101,34749,32318,33550.5,2077088786,303340
2021-02-03T00:00:00.000Z,33550.5,36051,33441,35544.5,2226392272,307126
2021-02-04T00:00:00.000Z,35544.5,37750,35426,37700,2662277724,317383
2021-02-05T00:00:00.000Z,37700,38850,36222,37030,2967900059,380249
2021-02-06T00:00:00.000Z,37030,38419.5,36605,38361.5,1825963949,265525
2021-02-07T00:00:00.000Z,38361.5,41027.5,38293.5,39318.5,2745957944,363527
2021-02-08T00:00:00.000Z,39318.5,39810,37410.5,38900.5,2627342478,358676
2021-02-09T00:00:00.000Z,38900.5,46929,38058,46417.5,4677725938,495089
2021-02-10T00:00:00.000Z,46417.5,48277,45073.5,46513.5,3586243118,423553
2021-02-11T00:00:00.000Z,46513.5,47495,43802.5,44888,2946590028,375120
2021-02-12T00:00:00.000Z,44888,48833.5,44051.5,48082,3643247396,373183
2021-02-13T00:00:00.000Z,48082,49180,46234.5,47485,2832796323,320358
2021-02-14T00:00:00.000Z,47485,48335,46250.5,47265.5,2057217655,258409
2021-02-15T00:00:00.000Z,47265.5,49876.5,47105,48690.5,2608808984,285398
2021-02-16T00:00:00.000Z,48690.5,49080,45726,48018.5,2614365272,298496
2021-02-17T00:00:00.000Z,48018.5,50980,47140,49199.5,3606645741,382077
2021-02-18T00:00:00.000Z,49199.5,52743,48949.5,52209.5,2907233492,359064
2021-02-19T00:00:00.000Z,52209.5,52594.5,50940,51613,2165933671,256075
2021-02-20T00:00:00.000Z,51613,56454,50732,55934,2963785938,335926
2021-02-21T00:00:00.000Z,55934,57636,53991,55934.5,2810562544,347822
2021-02-22T00:00:00.000Z,55934.5,58464,55552,57542.5,2276211707,279097
2021-02-23T00:00:00.000Z,57542.5,57577.5,47566.5,54122.5,6469168708,559055
2021-02-24T00:00:00.000Z,54122.5,54205.5,44813,48923.5,7289632823,758380
2021-02-25T00:00:00.000Z,48923.5,51420,46961.5,49691,2903146594,362380
2021-02-26T00:00:00.000Z,49691,52151.5,46717,47110,2984172940,374330
2021-02-27T00:00:00.000Z,47110,48428.5,44100,46320,3727451804,440358
2021-02-28T00:00:00.000Z,46320,48399.5,45000,46171.5,1872080256,283317
2021-03-01T00:00:00.000Z,46171.5,46644.5,43040,45211,2973600828,372811
2021-03-02T00:00:00.000Z,45211,49833,45030.5,49664.5,2102619079,285623
2021-03-03T00:00:00.000Z,49664.5,50272,47100,48483.5,2101593607,268072
2021-03-04T00:00:00.000Z,48483.5,52669.5,48157.5,50346,2433721732,293870
2021-03-05T00:00:00.000Z,50346,51775,47468,48333,2698319781,344526
2021-03-06T00:00:00.000Z,48333,49461,46266,48768.5,2598617339,334952
2021-03-07T00:00:00.000Z,48768.5,49225.5,47092,48904.5,1420976714,219623
2021-03-08T00:00:00.000Z,48904.5,51500,48904.5,51027,1758722602,245601
2021-03-09T00:00:00.000Z,51027,52489,49329,52480,2172323549,282716
2021-03-10T00:00:00.000Z,52480,54965,52005,54960,2256190115,289059
2021-03-11T00:00:00.000Z,54960,57477,52978,55975.5,3241934240,372378
2021-03-12T00:00:00.000Z,55975.5,58300,54324,57909.5,3219598123,361232
2021-03-13T00:00:00.000Z,57909.5,58167,54850.5,57315,3112750436,342023
2021-03-14T00:00:00.000Z,57315,61900,56135,61280.5,2937102754,324306
2021-03-15T00:00:00.000Z,61280.5,61709.5,59029,59029,2275102384,262789
2021-03-16T00:00:00.000Z,59029,60689.5,54505.5,55627.5,4265568113,416634
2021-03-17T00:00:00.000Z,55627.5,57010,53264,57009.5,3150700340,336165
2021-03-18T00:00:00.000Z,57009.5,59095,54156.5,59015.5,2827159946,329714
2021-03-19T00:00:00.000Z,59015.5,60176,57010,57620,2601706666,295274
2021-03-20T00:00:00.000Z,57620,59527.5,56270,58073.5,2521821493,279874
2021-03-21T00:00:00.000Z,58073.5,60019.5,57883.5,58146.5,2151097092,236311
2021-03-22T00:00:00.000Z,58146.5,58576.5,55114.5,57421.5,2363048374,255842
2021-03-23T00:00:00.000Z,57421.5,58506,53730,54090,2718794935,307072
2021-03-24T00:00:00.000Z,54090,55826.5,53000,54394,2547069006,280541
2021-03-25T00:00:00.000Z,54394,57247,51750,52244.5,3572267643,386591
2021-03-26T00:00:00.000Z,52244.5,53225.5,50475.5,51321.5,3542906196,367663
2021-03-27T00:00:00.000Z,51321.5,55118,51272.5,55081.5,2237949211,242195
2021-03-28T00:00:00.000Z,55081.5,56682.5,54010,55869.5,2174736146,213631
2021-03-29T00:00:00.000Z,55869.5,56580,54750,55788.5,1875741971,188925
2021-03-30T00:00:00.000Z,55788.5,58490,54965.5,57680.5,2672316336,249824
2021-03-31T00:00:00.000Z,57680.5,59449,57093.5,58812,2020805220,204249
2021-04-01T00:00:00.000Z,58812,59950,56899,58876,3278943503,273041
2021-04-02T00:00:00.000Z,58876,59518.5,57960.5,58806,2390606354,204510
2021-04-03T00:00:00.000Z,58806,60347,58454,59020,2522337435,197730
2021-04-04T00:00:00.000Z,59020,59906,56953.5,57126.5,3021092146,211096
2021-04-05T00:00:00.000Z,57126.5,58586,56500,58258,2226550312,163154
2021-04-06T00:00:00.000Z,58258,59359,56824.5,59330,2366766276,193734
2021-04-07T00:00:00.000Z,59330,59612,57471.5,58064,2654892714,207208
2021-04-08T00:00:00.000Z,58064,58686,55500,55937.5,4110510476,285556
2021-04-09T00:00:00.000Z,55937.5,58208.5,55673.5,58149,1979195607,166116
2021-04-10T00:00:00.000Z,58149,58945,57746.5,58123,1743769860,144098
2021-04-11T00:00:00.000Z,58123,61709.5,57920.5,59790.5,3161999211,254967
2021-04-12T00:00:00.000Z,59790.5,60698.5,59259.5,60076,1836674222,182373
2021-04-13T00:00:00.000Z,60076,61424,59437,59880.5,2094184244,213835
2021-04-14T00:00:00.000Z,59880.5,63834,59825,63674,3277602024,288568
2021-04-15T00:00:00.000Z,63674,65000,61355.5,63071.5,4814818199,329839
2021-04-16T00:00:00.000Z,63071.5,63953,62131,63323.5,2274300829,196560
2021-04-17T00:00:00.000Z,63323.5,63593.5,60010.5,61470,3769448703,272702
2021-04-18T00:00:00.000Z,61470,62598,59673,60114.5,2251302821,203744
2021-04-19T00:00:00.000Z,60114.5,60426,50876,56258.5,6233793396,472961
2021-04-20T00:00:00.000Z,56258.5,57553,54376,55705.5,2942867155,267615
2021-04-21T00:00:00.000Z,55705.5,57127,53405,56513.5,3047480036,290618
2021-04-22T00:00:00.000Z,56513.5,56802.5,53668,53828.5,2488150458,243812
2021-04-23T00:00:00.000Z,53828.5,55500,50549,51719.5,4040375940,378274
2021-04-24T00:00:00.000Z,51719.5,52124.5,47530.5,51137.5,4442442449,436466
2021-04-25T00:00:00.000Z,51137.5,51164,48744.5,50120,1795370866,236509
2021-04-26T00:00:00.000Z,50120,50620.5,47010,49080,1730240840,230563
2021-04-27T00:00:00.000Z,49080,54363.5,48812,54025,2542435856,292810
2021-04-28T00:00:00.000Z,54025,55487.5,53290.5,55050.5,1437594700,184160
2021-04-29T00:00:00.000Z,55050.5,56494,53893.5,54869.5,1803734583,205720
2021-04-30T00:00:00.000Z,54869.5,55202.5,52381,53524,1701448071,191856
2021-05-01T00:00:00.000Z,53524,57966.5,53064,57748.5,1841533132,199252
2021-05-02T00:00:00.000Z,57748.5,58500,57112,57874.5,1163014621,143422
2021-05-03T00:00:00.000Z,57874.5,57980,56095,56641.5,1154243253,143073
2021-05-04T00:00:00.000Z,56641.5,59032.5,56507,57191.5,1780150713,203973
2021-05-05T00:00:00.000Z,57191.5,57206,53064.5,53262.5,2613189229,303878
2021-05-06T00:00:00.000Z,53262.5,57921,52857,57553.5,2314871489,267010
2021-05-07T00:00:00.000Z,57553.5,58428.5,55342,56417,1971567485,228074
2021-05-08T00:00:00.000Z,56417,58781.5,55313,57422,1834221346,225701
2021-05-09T00:00:00.000Z,57422,59646,57036,59000,1933519416,220830
2021-05-10T00:00:00.000Z,59000,59341.5,56350,58299.5,1952362620,234588
2021-05-11T00:00:00.000Z,58299.5,59806,53849,55912.5,3272957761,375394
2021-05-12T00:00:00.000Z,55912.5,56900,54502,56764,2021067271,255742
2021-05-13T00:00:00.000Z,56764,58036.5,48520,49493,3567563624,347616
2021-05-14T00:00:00.000Z,49493,51344.5,44632.5,49700,4764678017,482784
2021-05-15T00:00:00.000Z,49700,51533.5,48887.5,49888,1541974906,238328
2021-05-16T00:00:00.000Z,49888,50671.5,46563.5,46757,2319470758,325841
2021-05-17T00:00:00.000Z,46757,49788.5,43868,46436,3209427626,373956
2021-05-18T00:00:00.000Z,46436,46653,42134,43582,4181106482,463960
2021-05-19T00:00:00.000Z,43582,45798.5,42250,42854.5,2717396004,360419
2021-05-20T00:00:00.000Z,42854.5,43596,28157,36811,8625864433,837663
2021-05-21T00:00:00.000Z,36811,42444,34873,40620.5,3453752671,470528
2021-05-22T00:00:00.000Z,40620.5,42327,33460,37301,3346306092,458821
2021-05-23T00:00:00.000Z,37301,38885,35244,37446.5,1880503309,322339
2021-05-24T00:00:00.000Z,37446.5,38270.5,31100,34711,2882564071,484816
2021-05-25T00:00:00.000Z,34711,39920,34453,38842.5,1991029675,331312
2021-05-26T00:00:00.000Z,38842.5,39810,36511,38379.5,2038678353,341611
2021-05-27T00:00:00.000Z,38379.5,40891.5,37784,39254.5,1892793740,296785
2021-05-28T00:00:00.000Z,39254.5,40444,37143.5,38513,1631304226,278276
2021-05-29T00:00:00.000Z,38513,38952,34710.5,35689.5,2399527182,388039
2021-05-30T00:00:00.000Z,35689.5,37348.5,33650,34587,1876207814,348449
2021-05-31T00:00:00.000Z,34587,36549,33390.5,35670,1119093889,242135
2021-06-01T00:00:00.000Z,35670,37488.5,34168.5,37265,1631293307,259491
2021-06-02T00:00:00.000Z,37265,37935,35695,36677,1557627256,237591
2021-06-03T00:00:00.000Z,36677,38199,35922,37534.5,1253832473,189145
2021-06-04T00:00:00.000Z,37534.5,39430,37160.5,39180,1390031905,192763
2021-06-05T00:00:00.000Z,39180,39222,35583,36840.5,2150929702,270464
2021-06-06T00:00:00.000Z,36840.5,37921,34811,35500,1910494951,238815
2021-06-07T00:00:00.000Z,35500,36450,35235,35780.5,926947069,151202
2021-06-08T00:00:00.000Z,35780.5,36806,33300,33538,1543459414,205297
2021-06-09T00:00:00.000Z,33538,34036.5,31050,33389,2161954454,235269
2021-06-10T00:00:00.000Z,33389,37488,32420.5,37369.5,2113774400,229206
2021-06-11T00:00:00.000Z,37369.5,38450,35810.5,36655.5,1627806200,178430
2021-06-12T00:00:00.000Z,36655.5,37667.5,35925.5,37311,1092481700,135830
2021-06-13T00:00:00.000Z,37311,37437,34600.5,35521,1366679200,152329
2021-06-14T00:00:00.000Z,35521,39415,34754,39022.5,1445198100,153905
2021-06-15T00:00:00.000Z,39022.5,40995,38651,40515,1672058500,158934
2021-06-16T00:00:00.000Z,40515,41338,39510,40149.5,1313076100,139048
2021-06-17T00:00:00.000Z,40149.5,40472,38018,38310.5,1471046100,150910
2021-06-18T00:00:00.000Z,38310.5,39540,37317.5,38050,1206252200,128661
2021-06-19T00:00:00.000Z,38050,38176.5,35123.5,35788,1421015100,154110
2021-06-20T00:00:00.000Z,35788,36434,34801,35483.5,1080696900,118652
2021-06-21T00:00:00.000Z,35483.5,36159,33333,35582,1513812100,152643
2021-06-22T00:00:00.000Z,35582,35747.5,31086,31619,2478047000,257546
2021-06-23T00:00:00.000Z,31619,33294,28803,32519.5,2489334600,268860
2021-06-24T00:00:00.000Z,32519.5,34800,31752,33654,1392033900,166859
2021-06-25T00:00:00.000Z,33654,35361,32307.5,34637,1161417800,140566
2021-06-26T00:00:00.000Z,34637,35579,31247.5,31562.5,1636666600,182981
2021-06-27T00:00:00.000Z,31562.5,32719.5,30149,32244.5,1493017000,181456
2021-06-28T00:00:00.000Z,32244.5,34799,32000,34706,1292964300,145122
2021-06-29T00:00:00.000Z,34706,35277,33879,34463,1190523200,129212
2021-06-30T00:00:00.000Z,34463,36585,34198.5,35920.5,1153867100,137573
2021-07-01T00:00:00.000Z,35920.5,36079.5,34042,35028,1364084700,131945
2021-07-02T00:00:00.000Z,35028,35037,32710.5,33507.5,1273473100,121952
2021-07-03T00:00:00.000Z,33507.5,33965.5,32641,33790.5,965701200,112196
2021-07-04T00:00:00.000Z,33790.5,34942.5,33257.5,34668,752843500,79515
2021-07-05T00:00:00.000Z,34668,35945,34360,35290.5,612414600,72871
2021-07-06T00:00:00.000Z,35290.5,35291,33017,33712,1135244100,117149
2021-07-07T00:00:00.000Z,33712,35101,33488,34213.5,1095961700,121632
2021-07-08T00:00:00.000Z,34213.5,35080,33755,33836,885812600,102605
2021-07-09T00:00:00.000Z,33836,33900,32130,32855,1100771500,123412
2021-07-10T00:00:00.000Z,32855,34093,32255,33813,708163600,91781
2021-07-11T00:00:00.000Z,33813,34240.5,33030.5,33500,659555400,77769
2021-07-12T00:00:00.000Z,33500,34633,33333,34256,620951400,80921
2021-07-13T00:00:00.000Z,34256,34669.5,32642,33080,946512100,107116
2021-07-14T00:00:00.000Z,33080,33331,32147.5,32712.5,789833800,96219
2021-07-15T00:00:00.000Z,32712.5,33080,31573,32806,801923800,105004
2021-07-16T00:00:00.000Z,32806,33169.5,31114.5,31863,943755400,124464
2021-07-17T00:00:00.000Z,31863,32240.5,31015,31380,949397600,107525
2021-07-18T00:00:00.000Z,31380,31930,31130,31509.5,734985600,92055
2021-07-19T00:00:00.000Z,31509.5,32438.5,31064,31768.5,743551900,92684
2021-07-20T00:00:00.000Z,31768.5,31889.5,30404.5,30805.5,807165600,108137
2021-07-21T00:00:00.000Z,30805.5,31040,29211.5,29779,1154576800,130138
2021-07-22T00:00:00.000Z,29779,32828.5,29492,32105.5,1221085100,130304
2021-07-23T00:00:00.000Z,32105.5,32594.5,31709,32298.5,632301200,81373
2021-07-24T00:00:00.000Z,32298.5,33599,32005,33599,786420500,83845
2021-07-25T00:00:00.000Z,33599,34515,33419.5,34253.5,909708500,93170
2021-07-26T00:00:00.000Z,34253.5,35433,33875,35392,861634700,100450
2021-07-27T00:00:00.000Z,35392,40540.5,35266.5,37240,3140235400,251890
2021-07-28T00:00:00.000Z,37240,39540,36379,39473.5,1740744600,165233
2021-07-29T00:00:00.000Z,39473.5,40950,38728.5,39998,2010107500,174636
2021-07-30T00:00:00.000Z,39998,40677.5,39212.5,40034.5,1105934800,113674
2021-07-31T00:00:00.000Z,40034.5,42333,38342,42260.5,1454327600,126355
2021-08-01T00:00:00.000Z,42260.5,42440,41050,41439.5,819371700,88112
2021-08-02T00:00:00.000Z,41439.5,42648,39364,39810.5,1221283400,118271
2021-08-03T00:00:00.000Z,39810.5,40432,38683.5,39151,1187917400,109498
2021-08-04T00:00:00.000Z,39151,39810,37470,38173.5,1360143200,117614
2021-08-05T00:00:00.000Z,38173.5,39950,37412.5,39747,952477600,96995
2021-08-06T00:00:00.000Z,39747,41365,37240,40905.5,1789495200,158866
2021-08-07T00:00:00.000Z,40905.5,43395,39897,42831,1492910200,144247
2021-08-08T00:00:00.000Z,42831,44750,42526,44624,1514719500,141189
2021-08-09T00:00:00.000Z,44624,45339,43302,43834,1403602800,134819
2021-08-10T00:00:00.000Z,43834,46489.5,42831,46270,1800803800,150527
2021-08-11T00:00:00.000Z,46270,46746,44663,45601,1203764900,115151
2021-08-12T00:00:00.000Z,45601,46814,45350,45518.5,1206767600,105785
2021-08-13T00:00:00.000Z,45518.5,46150,43842,44387.5,1344271800,116147
2021-08-14T00:00:00.000Z,44387.5,47933,44250,47821,1469990900,138898
2021-08-15T00:00:00.000Z,47821,48200,46005,47097.5,1108553800,109245
2021-08-16T00:00:00.000Z,47097.5,47416.5,45467.5,47030,1298315100,129127
2021-08-17T00:00:00.000Z,47030,48090,45619,45859,1696842900,138974
2021-08-18T00:00:00.000Z,45859,47181,44401,44650,1898833000,169179
2021-08-19T00:00:00.000Z,44650,46025,44200,44697,1634568300,157672
2021-08-20T00:00:00.000Z,44697,47121,43917,46767.5,1642350200,164457
2021-08-21T00:00:00.000Z,46767.5,49487.5,46659,49362,1709919300,176790
2021-08-22T00:00:00.000Z,49362,49820.5,48216,48855,1286466200,140854
2021-08-23T00:00:00.000Z,48855,49550,48083.5,49299.5,1163556100,124660
2021-08-24T00:00:00.000Z,49299.5,50596,49049,49485.5,1479013100,152237
2021-08-25T00:00:00.000Z,49485.5,49884.5,47555,47668,1807472200,172415
2021-08-26T00:00:00.000Z,47668,49300,47060.5,49014,1981090700,181500
2021-08-27T00:00:00.000Z,49014,49370.5,46272,46835.5,2021216100,195388
2021-08-28T00:00:00.000Z,46835.5,49213.5,46335.5,49086.5,1742598600,181928
2021-08-29T00:00:00.000Z,49086.5,49331.5,48386,48924,973570000,114371
2021-08-30T00:00:00.000Z,48924,49711,47765.5,48800,1277967500,137397
2021-08-31T00:00:00.000Z,48800,48919,46833.5,46979.5,1526527900,162558
2021-09-01T00:00:00.000Z,46979.5,48292.5,46678,47139,1551806200,172200
2021-09-02T00:00:00.000Z,47139,49118.5,46507,48849.5,1627801000,171957
2021-09-03T00:00:00.000Z,48849.5,50440.5,48623,49314,1762725600,187711
2021-09-04T00:00:00.000Z,49314,51123.5,48350,50026,1970239700,203803
2021-09-05T00:00:00.000Z,50026,50588,49402,49949,1036367200,121708
2021-09-06T00:00:00.000Z,49949,51982.5,49496,51848.5,1284632700,140852
2021-09-07T00:00:00.000Z,51848.5,52837,51043,52713.5,1334573500,133995
2021-09-08T00:00:00.000Z,52713.5,52999,42479.5,46861,4696714300,408071
2021-09-09T00:00:00.000Z,46861,47340,44465,46053.5,1786649600,217441
2021-09-10T00:00:00.000Z,46053.5,47381,45512,46376,1204808500,152236
2021-09-11T00:00:00.000Z,46376,47029.5,44132,44836,1614230900,175440
2021-09-12T00:00:00.000Z,44836,45964,44706,45157,916593200,112253
2021-09-13T00:00:00.000Z,45157,46500,44730.5,46025,993983200,112125
2021-09-14T00:00:00.000Z,46025,46985,43400,44974.5,2200568800,224680
2021-09-15T00:00:00.000Z,44974.5,47243,44698.5,47108.5,1244721900,150533
2021-09-16T00:00:00.000Z,47108.5,48436,46676.5,48110.5,1120661200,129890
2021-09-17T00:00:00.000Z,48110.5,48500,47044.5,47740,1104154700,130267
2021-09-18T00:00:00.000Z,47740,48150,46656,47277,1027193700,125218
2021-09-19T00:00:00.000Z,47277,48838.5,47031.5,48266,852342800,105338
2021-09-20T00:00:00.000Z,48266,48339,46820,47221.5,880183200,110464
2021-09-21T00:00:00.000Z,47221.5,47335,42311,43005.5,2431567500,280149
2021-09-22T00:00:00.000Z,43005.5,43617.5,39500,40712,2855913400,310049
2021-09-23T00:00:00.000Z,40712,44016.5,40536.5,43542.5,1304517100,174115
2021-09-24T00:00:00.000Z,43542.5,44994,43086,44860,1153319900,142752
2021-09-25T00:00:00.000Z,44860,45146,40575.5,42839.5,2454451700,264138
2021-09-26T00:00:00.000Z,42839.5,42990,41652.5,42674,894027700,133479
2021-09-27T00:00:00.000Z,42674,43953.5,40801,43166,1406080700,163122
2021-09-28T00:00:00.000Z,43166,44400,42052,42119,1126071200,140653
2021-09-29T00:00:00.000Z,42119,42765.5,40830.5,40983,1279389300,172019
2021-09-30T00:00:00.000Z,40983,42590,40705,41490.5,1171004500,157728
2021-10-01T00:00:00.000Z,41490.5,44119,41379,43801.5,1456638500,174602
2021-10-02T00:00:00.000Z,43801.5,48471.5,43251,48150,1756881700,195352
2021-10-03T00:00:00.000Z,48150,48340.5,47444,47660,571812000,87874
2021-10-04T00:00:00.000Z,47660,49283,47113,48215.5,750915700,109336
2021-10-05T00:00:00.000Z,48215.5,49490,46922.5,49222,1374474000,167675
2021-10-06T00:00:00.000Z,49222,51946.5,49053.5,51500,1348951600,164971
2021-10-07T00:00:00.000Z,51500,55830,50424,55337.5,1846667700,199520
2021-10-08T00:00:00.000Z,55337.5,55338,53410,53817.5,1190088200,136792
2021-10-09T00:00:00.000Z,53817.5,56297.5,53610,53976.5,1282897200,146664
2021-10-10T00:00:00.000Z,53976.5,55550,53682,54974.5,712278800,95957
2021-10-11T00:00:00.000Z,54974.5,56645,54074,54718.5,1237832400,147184
2021-10-12T00:00:00.000Z,54718.5,57890,54469.5,57504.5,1410009600,165493
2021-10-13T00:00:00.000Z,57504.5,57737,53887.5,56030.5,1793930800,191115
2021-10-14T00:00:00.000Z,56030.5,57865,54265,57419.5,1494666400,187634
2021-10-15T00:00:00.000Z,57419.5,58592,56783,57377,1122332400,137534
2021-10-16T00:00:00.000Z,57377,63100,56878,61676,2245894500,249154
2021-10-17T00:00:00.000Z,61676,62406,60206,60922.5,830928500,137674
2021-10-18T00:00:00.000Z,60922.5,61765,58933,61553,1042168600,252842
2021-10-19T00:00:00.000Z,61553,62787.5,59860,62027.5,1509691900,185768
2021-10-20T00:00:00.000Z,62027.5,64510,61250,64316,1654570400,195272
2021-10-21T00:00:00.000Z,64316,67128.5,63522.5,66059.5,1618199100,178226
2021-10-22T00:00:00.000Z,66059.5,66689.5,61550,62218,2790162900,319573
2021-10-23T00:00:00.000Z,62218,63723.5,60044,60715.5,1614482000,173275
2021-10-24T00:00:00.000Z,60715.5,61788,59625,61335,796789500,103331
2021-10-25T00:00:00.000Z,61335,61550,59505,60901,1040997600,121306
2021-10-26T00:00:00.000Z,60901,63777,60682.5,63125.5,1425567000,146847
2021-10-27T00:00:00.000Z,63125.5,63411,59803.5,60257,1544593500,156847
2021-10-28T00:00:00.000Z,60257,62358,58000,58499.5,2002767300,210623
2021-10-29T00:00:00.000Z,58499.5,62636,57505,60633.5,1955425800,223341
2021-10-30T00:00:00.000Z,60633.5,62998.5,60200,62322,1573397900,173230
2021-10-31T00:00:00.000Z,62322,62412,60715,61925,779242800,101821
2021-11-01T00:00:00.000Z,61925,62491.5,60034,61344,972657500,125920
2021-11-02T00:00:00.000Z,61344,62558,59521.5,60952.5,1364569300,168479
2021-11-03T00:00:00.000Z,60952.5,64341.5,60656.5,63319.5,1248284800,154369
2021-11-04T00:00:00.000Z,63319.5,63614.5,60014.5,62946,1248250200,155437
2021-11-05T00:00:00.000Z,62946,63156,60679.5,61453,960331200,130262
2021-11-06T00:00:00.000Z,61453,62650,60782,61037,862208600,113373
2021-11-07T00:00:00.000Z,61037,61629,60125,61524.5,778137900,100885
2021-11-08T00:00:00.000Z,61524.5,63375,61395,63352,815080900,104418
2021-11-09T00:00:00.000Z,63352,67917,63352,67642,1463077700,171394
2021-11-10T00:00:00.000Z,67642,68675,66289.5,66998.5,1190911700,142469
2021-11-11T00:00:00.000Z,66998.5,69146.5,62834,64890,2066411900,208813
2021-11-12T00:00:00.000Z,64890,65640,64120,64803.5,812111800,113750
2021-11-13T00:00:00.000Z,64803.5,65485,62277.5,64139.5,1301990700,168818
2021-11-14T00:00:00.000Z,64139.5,65000,63381.5,64393.5,570306800,96251
2021-11-15T00:00:00.000Z,64393.5,65559.5,63580,65559.5,681765600,102146
2021-11-16T00:00:00.000Z,65559.5,66387,63404,63603.5,955110700,131210
2021-11-17T00:00:00.000Z,63603.5,63603.5,58533,60100,2142131300,253035
2021-11-18T00:00:00.000Z,60100,60890,58388,60360,1258905400,182652
2021-11-19T00:00:00.000Z,60360,60988,56460,56903.5,1765707300,238995
2021-11-20T00:00:00.000Z,56903.5,58338,55655,58076.5,1000498100,149294
2021-11-21T00:00:00.000Z,58076.5,59862.5,57415.5,59739.5,664355500,100995
2021-11-22T00:00:00.000Z,59739.5,60050,58505.5,58650,654914600,96987
2021-11-23T00:00:00.000Z,58650,59576.5,55560,56271,1419633600,190326
2021-11-24T00:00:00.000Z,56271,57885.5,55335.5,57546,1181629700,148559
2021-11-25T00:00:00.000Z,57546,57755.5,55888,57175.5,863038900,128847
2021-11-26T00:00:00.000Z,57175.5,59448.5,57055,58976,887460300,123113
2021-11-27T00:00:00.000Z,58976,59186.5,53511,53782,1783383500,224847
2021-11-28T00:00:00.000Z,53782,55284,53647.5,54750.5,569449500,105063
2021-11-29T00:00:00.000Z,54750.5,57480.5,53315.5,57343,907317800,138787
2021-11-30T00:00:00.000Z,57343,58919,56737.5,57842.5,873341400,120916
2021-12-01T00:00:00.000Z,57842.5,59282,55925,56968.5,1345916000,196459
2021-12-02T00:00:00.000Z,56968.5,59124,56497,57202,1114520300,163719
2021-12-03T00:00:00.000Z,57202,57412,55811,56508,1000391600,148740
2021-12-04T00:00:00.000Z,56508,57699,51554.5,53633,1889433700,214702
2021-12-05T00:00:00.000Z,53633,53856.5,41498.5,49205,2805872600,359562
2021-12-06T00:00:00.000Z,49205,49765,47800.5,49434,801774900,146375
2021-12-07T00:00:00.000Z,49434,50935,47156.5,50467,1285109700,198924
2021-12-08T00:00:00.000Z,50467,51973.5,50058,50618.5,785385400,134393
2021-12-09T00:00:00.000Z,50618.5,51232.5,48639,50493.5,784151500,125003
2021-12-10T00:00:00.000Z,50493.5,50839.5,47350,47567,920742500,162758
2021-12-11T00:00:00.000Z,47567,50100,46909,47161,1019266500,194801
2021-12-12T00:00:00.000Z,47161,49496,46767.5,49391,703781800,158766
2021-12-13T00:00:00.000Z,49391,50785,48631.5,50066.5,577168000,106613
2021-12-14T00:00:00.000Z,50066.5,50191,45707,46689.5,1179530000,206758
2021-12-15T00:00:00.000Z,46689.5,48666,46280.5,48356.5,891591600,174142
2021-12-16T00:00:00.000Z,48356.5,49514.5,46532,48880,1179756100,200110
2021-12-17T00:00:00.000Z,48880,49437,47475,47630,693052200,126256
2021-12-18T00:00:00.000Z,47630,47988.5,45422.5,46152,1051363900,174793
2021-12-19T00:00:00.000Z,46152,47345.5,45485.5,46829,537933800,101794
2021-12-20T00:00:00.000Z,46829,48270.5,46408,46650.5,759820400,125719
2021-12-21T00:00:00.000Z,46650.5,47532,45561,46892,923172900,153504
2021-12-22T00:00:00.000Z,46892,49299,46657,48879,841803900,129251
2021-12-23T00:00:00.000Z,48879,49665.5,48451,48574.5,561561700,101988
2021-12-24T00:00:00.000Z,48574.5,51368.5,48002,50815.5,848398800,133780
2021-12-25T00:00:00.000Z,50815.5,51874,50404.5,50800,746250000,109604
2021-12-26T00:00:00.000Z,50800,51177,50005,50380,506531400,83739
2021-12-27T00:00:00.000Z,50380,51314.5,49408.5,50775,602764000,96472
2021-12-28T00:00:00.000Z,50775,52147,50436,50700,725148600,111023
2021-12-29T00:00:00.000Z,50700,50700,47242,47536,1063412600,144632
2021-12-30T00:00:00.000Z,47536,48105,46000,46415.5,942432900,127588
2021-12-31T00:00:00.000Z,46415.5,47882.5,45872.5,47111,740468800,106563
2022-01-01T00:00:00.000Z,47111,48546,45500,46200,1045402500,131058
2022-01-02T00:00:00.000Z,46200,47925.5,46192.5,47728.5,543638500,81221
2022-01-03T00:00:00.000Z,47728.5,47992,46647.5,47300,539072000,86679
2022-01-04T00:00:00.000Z,47300,47577,45668.5,46425,760545500,114851
2022-01-05T00:00:00.000Z,46425,47535.5,45500,45796,799086600,125047
2022-01-06T00:00:00.000Z,45796,47067.5,42428,43395,1753918300,212189
2022-01-07T00:00:00.000Z,43395,43750,42333,43072,677677400,122294
2022-01-08T00:00:00.000Z,43072,43131.5,40551,41542.5,1289970100,188774
2022-01-09T00:00:00.000Z,41542.5,42289,40491.5,41659.5,704883100,118205
2022-01-10T00:00:00.000Z,41659.5,42750,41189,41852.5,582614300,97195
2022-01-11T00:00:00.000Z,41852.5,42227.5,39609,41800,1184377100,179538
2022-01-12T00:00:00.000Z,41800,43090.5,41251,42715,761201700,127134
2022-01-13T00:00:00.000Z,42715,44666,42448.5,43898.5,762495800,118213
2022-01-14T00:00:00.000Z,43898.5,44403,42330.5,42554.5,921101900,125455
2022-01-15T00:00:00.000Z,42554.5,43460,41751.5,43058.5,729986800,115028
2022-01-16T00:00:00.000Z,43058.5,43800,42571.5,43075,500524900,77237
2022-01-17T00:00:00.000Z,43075,43478,42603.5,43065,481471900,79482
2022-01-18T00:00:00.000Z,43065,43172,41550,42207.5,615739200,117776
2022-01-19T00:00:00.000Z,42207.5,42718.5,41250,42362.5,604009300,118224
2022-01-20T00:00:00.000Z,42362.5,42579,41111.5,41653,800597500,126437
2022-01-21T00:00:00.000Z,41653,43503,40531.5,40650,924430500,140575
2022-01-22T00:00:00.000Z,40650,41067,35394.5,36436.5,2100109600,296082
2022-01-23T00:00:00.000Z,36436.5,36799.5,33973,35052,1213128000,224175
2022-01-24T00:00:00.000Z,35052,36513.5,34613,36252,787106900,146420
2022-01-25T00:00:00.000Z,36252,37560,32898.5,36657.5,1752304000,305426
2022-01-26T00:00:00.000Z,36657.5,37539,35717,36949,895249700,160122
2022-01-27T00:00:00.000Z,36949,38906,36260,36819,1077510300,212296
2022-01-28T00:00:00.000Z,36819,37246.5,35514,37163.5,821052200,166745
2022-01-29T00:00:00.000Z,37163.5,38002,36166,37710,615703100,135192
2022-01-30T00:00:00.000Z,37710,38745,37281.5,38174,577571500,99913
2022-01-31T00:00:00.000Z,38174,38368.5,37342.5,37893.5,459399600,82612
2022-02-01T00:00:00.000Z,37893.5,38745,36629.5,38473,722617500,126090
2022-02-02T00:00:00.000Z,38473,39330.5,38000,38687,884188200,138419
2022-02-03T00:00:00.000Z,38687,38865,36602.5,36904.5,746883200,127009
2022-02-04T00:00:00.000Z,36904.5,37379,36222.5,37310,593239500,120043
2022-02-05T00:00:00.000Z,37310,41737,37025,41585.5,1127249600,178341
2022-02-06T00:00:00.000Z,41585.5,41949.5,40955,41387,601055700,101231
2022-02-07T00:00:00.000Z,41387,42693,41133,42375.5,569456200,86600
2022-02-08T00:00:00.000Z,42375.5,44550,41623.5,43845.5,931253100,157711
2022-02-09T00:00:00.000Z,43845.5,45530,42690,44045,1229701300,174289
2022-02-10T00:00:00.000Z,44045,44829.5,43116.5,44403,788580400,129493
2022-02-11T00:00:00.000Z,44403,45853.5,43200,43491.5,1287302000,197829
2022-02-12T00:00:00.000Z,43491.5,43930.5,41934.5,42378,989645700,168073
2022-02-13T00:00:00.000Z,42378,43002,41655,42200.5,531980800,102007
2022-02-14T00:00:00.000Z,42200.5,42772.5,41850,42061.5,520665300,86543
2022-02-15T00:00:00.000Z,42061.5,42891,41516,42535.5,719497200,156019
2022-02-16T00:00:00.000Z,42535.5,44765,42438,44560,691393000,119662
2022-02-17T00:00:00.000Z,44560,44562.5,43320,43878.5,659130900,104593
2022-02-18T00:00:00.000Z,43878.5,44160,40066,40516,1178660200,163669
2022-02-19T00:00:00.000Z,40516,40960,39441,39988,804704000,137552
2022-02-20T00:00:00.000Z,39988,40450,39638,40083.5,405770300,67735
2022-02-21T00:00:00.000Z,40083.5,40120,37956.5,38386.5,840769300,123636
2022-02-22T00:00:00.000Z,38386.5,39499,36800,37014,1341356400,196855
2022-02-23T00:00:00.000Z,37014,38435,36321,38240,887993200,152128
2022-02-24T00:00:00.000Z,38240,39270,37050,37262,825792400,137470
2022-02-25T00:00:00.000Z,37262,40051.5,34348.5,38330,1926224100,289926
2022-02-26T00:00:00.000Z,38330,39677.5,37970,39207.5,872453700,145799
2022-02-27T00:00:00.000Z,39207.5,40291,38583.5,39115,535537500,95912
2022-02-28T00:00:00.000Z,39115,39879,36965,37693,898544700,133063
2022-03-01T00:00:00.000Z,37693,44584,37434.5,43176.5,1368628000,202509
2022-03-02T00:00:00.000Z,43176.5,44971,42861,44427,1009734100,153994
2022-03-03T00:00:00.000Z,44427,45356.5,43300,43909,1139678100,155175
2022-03-04T00:00:00.000Z,43909,44088,41820,42439.5,1004227200,136021
2022-03-05T00:00:00.000Z,42439.5,42508,38500,39128.5,1137405600,161593
2022-03-06T00:00:00.000Z,39128.5,39578,38549.5,39375.5,481970100,86257
2022-03-07T00:00:00.000Z,39375.5,39693,38075,38400.5,889739400,131687
2022-03-08T00:00:00.000Z,38400.5,39545,37135.5,37967,1194820500,162194
2022-03-09T00:00:00.000Z,37967,39381,37857,38723.5,1087892900,156917
2022-03-10T00:00:00.000Z,38723.5,42596.5,38641.5,41954.5,1079137900,167006
2022-03-11T00:00:00.000Z,41954.5,42037,38420,39418,1351599500,181394
2022-03-12T00:00:00.000Z,39418,40245.5,38239,38714.5,979194400,141479
2022-03-13T00:00:00.000Z,38714.5,39480,38645.5,38794,377767900,63987
2022-03-14T00:00:00.000Z,38794,39306.5,37548,37749,607095300,86755
2022-03-15T00:00:00.000Z,37749,39916.5,37527.5,39662,721078400,130604
2022-03-16T00:00:00.000Z,39662,39892,38112,39280.5,677379000,123566
2022-03-17T00:00:00.000Z,39280.5,41790,38752,41115.5,1212441800,206525
2022-03-18T00:00:00.000Z,41115.5,41472,40450,40914,519838500,94276
2022-03-19T00:00:00.000Z,40914,42352,40160,41768.5,691900400,123860
2022-03-20T00:00:00.000Z,41768.5,42429,41509.5,42222,463051600,79447
2022-03-21T00:00:00.000Z,42222,42293.5,40902,41268,703329300,109367
2022-03-22T00:00:00.000Z,41268,41541,40421.5,40983,1161427500,156661
2022-03-23T00:00:00.000Z,40983,43420.5,40867.5,42354,1139088700,158197
2022-03-24T00:00:00.000Z,42354,43024,41691.5,42892,918961000,139425
2022-03-25T00:00:00.000Z,42892,44240,42270,43991,1057549400,149981
2022-03-26T00:00:00.000Z,43991,45110,43590,44298.5,923049300,151728
2022-03-27T00:00:00.000Z,44298.5,44799.5,44060,44526.5,476254000,102774
2022-03-28T00:00:00.000Z,44526.5,46966,44435,46816,721266600,147788
2022-03-29T00:00:00.000Z,46816,48178.5,46666.5,47130,889697000,143886
2022-03-30T00:00:00.000Z,47130,48120.5,46955,47444,939962900,127889
2022-03-31T00:00:00.000Z,47444,47701,46528,47050.5,879573200,134685
2022-04-01T00:00:00.000Z,47050.5,47604.5,45188.5,45504,941261200,136414
2022-04-02T00:00:00.000Z,45504,46720,44178,46269.5,1140415500,149703
2022-04-03T00:00:00.000Z,46269.5,47222.5,45610.5,45814,663368100,99016
2022-04-04T00:00:00.000Z,45814,47458,45542,46406,750019800,110700
2022-04-05T00:00:00.000Z,46406,46900,45119,46605,823856000,127866
2022-04-06T00:00:00.000Z,46605,47227.5,45362,45498,785301200,125853
2022-04-07T00:00:00.000Z,45498,45498.5,43111.5,43167.5,935902100,165646
2022-04-08T00:00:00.000Z,43167.5,43896,42668,43420,546187700,115938
2022-04-09T00:00:00.000Z,43420,43977,42077.5,42247,868570000,154806
2022-04-10T00:00:00.000Z,42247,42790.5,42085,42744.5,422082900,90003
2022-04-11T00:00:00.000Z,42744.5,43400,41860.5,42150,683558200,102923
2022-04-12T00:00:00.000Z,42150,42392,39180,39509.5,1258020500,206057
2022-04-13T00:00:00.000Z,39509.5,40705,39254.5,40075.5,908986500,167196
2022-04-14T00:00:00.000Z,40075.5,41532.5,39584,41120,744860200,144583
2022-04-15T00:00:00.000Z,41120,41497.5,39550,39929,621954900,103721
2022-04-16T00:00:00.000Z,39929,40861.5,39750,40530.5,369508600,84332
2022-04-17T00:00:00.000Z,40530.5,40700,39946,40366.5,343249800,68994
2022-04-18T00:00:00.000Z,40366.5,40575,39526.5,39661.5,423384600,85525
2022-04-19T00:00:00.000Z,39661.5,41133,38376.5,40793.5,835687200,144904
2022-04-20T00:00:00.000Z,40793.5,41783.5,40502,41470,450867800,85410
2022-04-21T00:00:00.000Z,41470,42205.5,40860,41356,623091200,98745
2022-04-22T00:00:00.000Z,41356,42984,39721.5,40453.5,739860700,119811
2022-04-23T00:00:00.000Z,40453.5,40810,39129,39678,428905400,97900
2022-04-24T00:00:00.000Z,39678,40039,39280,39437.5,297015500,63464
2022-04-25T00:00:00.000Z,39437.5,39935.5,38887.5,39445,493912100,94784
2022-04-26T00:00:00.000Z,39445,40690,38161,40416.5,811178100,150998
2022-04-27T00:00:00.000Z,40416.5,40814,37651,38085.5,817837800,140180
2022-04-28T00:00:00.000Z,38085.5,39455.5,37857,39219,731989700,114313
2022-04-29T00:00:00.000Z,39219,40373,38883.5,39733.5,728854200,123264
2022-04-30T00:00:00.000Z,39733.5,39909.5,38165.5,38568,511851400,98846
2022-05-01T00:00:00.000Z,38568,38768,37553,37620,322171600,67883
2022-05-02T00:00:00.000Z,37620,38700,37379,38457.5,443567200,92646
2022-05-03T00:00:00.000Z,38457.5,39150,38037.5,38500.5,596538100,109522
2022-05-04T00:00:00.000Z,38500.5,38633.5,37491.5,37715,458253100,92475
2022-05-05T00:00:00.000Z,37715,40040.5,37663.5,39692,688377200,116309
2022-05-06T00:00:00.000Z,39692,39822.5,35485,36515.5,1152138900,158870
2022-05-07T00:00:00.000Z,36515.5,36632,35220,36002,629866100,133924
2022-05-08T00:00:00.000Z,36002,36099,34696.5,35443.5,358045500,73966
2022-05-09T00:00:00.000Z,35443.5,35471.5,33607.5,34013.5,702297700,135567
2022-05-10T00:00:00.000Z,34013.5,34215,30021,30066,1761504200,274693
2022-05-11T00:00:00.000Z,30066,32636,29718.5,30991.5,1176515400,220048
2022-05-12T00:00:00.000Z,30991.5,32133.5,27655,28954,1878828800,344368
2022-05-13T00:00:00.000Z,28954,30124,25302.5,28929.5,1351009000,300347
2022-05-14T00:00:00.000Z,28929.5,30983,28668,29226.5,675636400,162303
2022-05-15T00:00:00.000Z,29226.5,30295,28578,30033,504858700,113228
2022-05-16T00:00:00.000Z,30033,31416,29440,31273.5,418586600,89544
2022-05-17T00:00:00.000Z,31273.5,31276,29051,29822,747451300,145199
2022-05-18T00:00:00.000Z,29822,30739.5,29346,30400.5,609220300,117713
2022-05-19T00:00:00.000Z,30400.5,30675,28588.5,28650.5,679961600,116366
2022-05-20T00:00:00.000Z,28650.5,30495,28639.5,30292.5,581143500,116034
2022-05-21T00:00:00.000Z,30292.5,30784.5,28657,29173,672501700,119061
2022-05-22T00:00:00.000Z,29173,29613,28913,29400.5,314652800,57342
2022-05-23T00:00:00.000Z,29400.5,30460,29220,30268.5,400415300,74492
2022-05-24T00:00:00.000Z,30268.5,30632.5,28819.5,29058,648131500,119783
2022-05-25T00:00:00.000Z,29058,29830,28606,29620,577348400,98926
2022-05-26T00:00:00.000Z,29620,30194,29297.5,29510,480177200,96397
2022-05-27T00:00:00.000Z,29510,29847.5,27977,29172.5,824038400,134845
2022-05-28T00:00:00.000Z,29172.5,29354.5,28230.5,28580,629985300,123439
2022-05-29T00:00:00.000Z,28580,29220,28488.5,28990,218075000,51282
2022-05-30T00:00:00.000Z,28990,29550.5,28800,29430,266404000,56936
2022-05-31T00:00:00.000Z,29430,32173.5,29272,31702,785382000,129759
2022-06-01T00:00:00.000Z,31702,32372.5,31185,31756,628204700,108081
2022-06-02T00:00:00.000Z,31756,31958,29283.5,29782,829586800,128601
2022-06-03T00:00:00.000Z,29782,30734.5,29558,30422.5,490755000,93497
2022-06-04T00:00:00.000Z,30422.5,30674.5,29236.5,29664.5,536259400,91657
2022-06-05T00:00:00.000Z,29664.5,29968.5,29435,29833,383765000,54908
2022-06-06T00:00:00.000Z,29833,30154.5,29498,29870.5,511447600,68408
2022-06-07T00:00:00.000Z,29870.5,31737.5,29850,31333,666760700,112193
2022-06-08T00:00:00.000Z,31333,31548.5,29166.5,31110,988898200,160894
2022-06-09T00:00:00.000Z,31110,31285,29812.5,30175,483844500,84797
2022-06-10T00:00:00.000Z,30175,30675,29909,30061.5,386918300,71837
2022-06-11T00:00:00.000Z,30061.5,30345,28800,29050,622441800,102883
2022-06-12T00:00:00.000Z,29050,29399.5,28085,28375,712230600,104476
2022-06-13T00:00:00.000Z,28375,28490,26500,26530,743610200,118072
2022-06-14T00:00:00.000Z,26530,26900,21870,22429.5,1890047300,297637
2022-06-15T00:00:00.000Z,22429.5,23350,20780.5,22097,1258990500,220146
2022-06-16T00:00:00.000Z,22097,22877,20014.5,22539.5,1428767700,259224
2022-06-17T00:00:00.000Z,22539.5,22949.5,20189,20355.5,638516700,134904
2022-06-18T00:00:00.000Z,20355.5,21349,20195,20424,583559700,114515
2022-06-19T00:00:00.000Z,20424,20734.5,17568.5,18951.5,1135597600,187928
2022-06-20T00:00:00.000Z,18951.5,20771,17886,20535.5,891236800,180339
2022-06-21T00:00:00.000Z,20535.5,21049,19600,20539.5,545908100,141172
2022-06-22T00:00:00.000Z,20539.5,21693.5,20318,20691.5,515548300,131227
2022-06-23T00:00:00.000Z,20691.5,20872,19736.5,19965.5,598570900,136645
2022-06-24T00:00:00.000Z,19965.5,21208,19866,21078.5,413994400,108885
2022-06-25T00:00:00.000Z,21078.5,21535,20700,21209,395344100,96785
2022-06-26T00:00:00.000Z,21209,21594.5,20890,21473.5,259914100,75141
2022-06-27T00:00:00.000Z,21473.5,21871,20951,21031.5,304478200,74916
2022-06-28T00:00:00.000Z,21031.5,21511,20456,20713.5,404810700,92358
2022-06-29T00:00:00.000Z,20713.5,21180,20166,20250,382650800,95107
2022-06-30T00:00:00.000Z,20250,20418,19797.5,20081.5,384543700,95625
2022-07-01T00:00:00.000Z,20081.5,20133.5,18558,19924,628788900,126041
2022-07-02T00:00:00.000Z,19924,20885.5,18932,19256,591767100,134771
2022-07-03T00:00:00.000Z,19256,19432.5,18930.5,19215.5,232154700,56514
2022-07-04T00:00:00.000Z,19215.5,19640,18751.5,19281.5,367221600,73744
2022-07-05T00:00:00.000Z,19281.5,20310.5,19017,20201,491375400,101719
2022-07-06T00:00:00.000Z,20201,20734,19265.5,20146,731142900,131005
2022-07-07T00:00:00.000Z,20146,20650,19735.5,20541.5,491020700,101131
2022-07-08T00:00:00.000Z,20541.5,21831,20218.5,21604,457371700,96342
2022-07-09T00:00:00.000Z,21604,22488.5,21162.5,21574.5,565984000,117328
2022-07-10T00:00:00.000Z,21574.5,21942,21300,21577,319562500,70133
2022-07-11T00:00:00.000Z,21577,21583.5,20627,20835.5,358502400,76181
2022-07-12T00:00:00.000Z,20835.5,20836,19860,19944.5,460903500,90281
2022-07-13T00:00:00.000Z,19944.5,20023.5,19212,19302,463694400,94230
2022-07-14T00:00:00.000Z,19302,20325,18855,20214.5,749052500,131265
2022-07-15T00:00:00.000Z,20214.5,20869,19585,20571.5,505038700,96814
2022-07-16T00:00:00.000Z,20571.5,21184,20363.5,20818,442162800,97077
2022-07-17T00:00:00.000Z,20818,21583.5,20465,21182.5,380700000,80021
2022-07-18T00:00:00.000Z,21182.5,21678.5,20710,20790,351244600,74172
2022-07-19T00:00:00.000Z,20790,22751,20750,22435,640250700,125353
2022-07-20T00:00:00.000Z,22435,23800,21575.5,23391.5,820901700,156986
2022-07-21T00:00:00.000Z,23391.5,24271.5,22912.5,23219.5,682191300,123402
2022-07-22T00:00:00.000Z,23219.5,23418.5,22340,23150,531409600,101077
2022-07-23T00:00:00.000Z,23150,23750,22490,22679.5,469292100,101527
2022-07-24T00:00:00.000Z,22679.5,22986,21945,22442,419423900,81387
2022-07-25T00:00:00.000Z,22442,23000,22261.5,22580,361068600,74164
2022-07-26T00:00:00.000Z,22580,22653.5,21234,21280,539913400,100727
2022-07-27T00:00:00.000Z,21280,21334.5,20720,21238.5,447001900,86172
2022-07-28T00:00:00.000Z,21238.5,23114,21007.5,22949,600093600,111317
2022-07-29T00:00:00.000Z,22949,24190,22590.5,23841.5,698169400,133232
2022-07-30T00:00:00.000Z,23841.5,24444,23258,23769.5,630897500,118153
2022-07-31T00:00:00.000Z,23769.5,24684,23081,23644,512903400,91213
2022-08-01T00:00:00.000Z,23644,24191,23226.5,23299,356673400,70401
2022-08-02T00:00:00.000Z,23299,23498.5,22838.5,23264,445578500,89236
2022-08-03T00:00:00.000Z,23264,23461,22651,22978,483740000,103172
2022-08-04T00:00:00.000Z,22978,23653.5,22690.5,22812.5,415833800,92174
2022-08-05T00:00:00.000Z,22812.5,23213.5,22371.5,22603,502826700,97534
2022-08-06T00:00:00.000Z,22603,23463,22570.5,23302.5,527101500,101443
2022-08-07T00:00:00.000Z,23302.5,23347,22905,22953.5,212847700,42651
2022-08-08T00:00:00.000Z,22953.5,23401.5,22835,23168.5,235344200,44211
2022-08-09T00:00:00.000Z,23168.5,24235,23150,23804.5,420842900,85723
2022-08-10T00:00:00.000Z,23804.5,23915,22861,23134.5,408634000,85361
2022-08-11T00:00:00.000Z,23134.5,24228,22607.5,23952.5,563159200,113758
2022-08-12T00:00:00.000Z,23952.5,24910,23853,23938,498051000,111602
2022-08-13T00:00:00.000Z,23938,24440,23558,24396,342401800,77910
2022-08-14T00:00:00.000Z,24396,24898,24276,24444.5,282161800,67834
2022-08-15T00:00:00.000Z,24444.5,25000,24136,24298,332731000,77038
2022-08-16T00:00:00.000Z,24298,25246.5,23756,24099.5,583648400,120128
2022-08-17T00:00:00.000Z,24099.5,24236.5,23666,23842.5,350314100,88524
2022-08-18T00:00:00.000Z,23842.5,24434,23169,23323.5,505067500,105097
2022-08-19T00:00:00.000Z,23323.5,23580,23100.5,23188.5,327916400,70785
2022-08-20T00:00:00.000Z,23188.5,23192,20776.5,20818.5,765957700,131491
2022-08-21T00:00:00.000Z,20818.5,21350,20758,21127,332625600,66200
2022-08-22T00:00:00.000Z,21127,21800,21061,21508,322858400,63751
2022-08-23T00:00:00.000Z,21508,21525,20859,21390.5,425906800,84334
2022-08-24T00:00:00.000Z,21390.5,21680,20874,21506.5,409881700,78423
2022-08-25T00:00:00.000Z,21506.5,21885,21137,21356,343581200,68962
2022-08-26T00:00:00.000Z,21356,21810,21301.5,21552.5,311078500,60988
2022-08-27T00:00:00.000Z,21552.5,21876,20100,20224.5,698218600,129002
2022-08-28T00:00:00.000Z,20224.5,20358.5,19751,20024.5,334459000,69083
2022-08-29T00:00:00.000Z,20024.5,20146.5,19517.5,19552.5,331404200,60628
2022-08-30T00:00:00.000Z,19552.5,20497,19500,20286,456076400,82324
2022-08-31T00:00:00.000Z,20286,20584.5,19526.5,19803,563444000,107630
2022-09-01T00:00:00.000Z,19803,20477,19791,20032,482308000,99957
2022-09-02T00:00:00.000Z,20032,20193,19553,20125.5,518485200,97607
2022-09-03T00:00:00.000Z,20125.5,20437,19745,19950,426544700,89966
2022-09-04T00:00:00.000Z,19950,20045,19593.5,19821.5,245736500,48721
2022-09-05T00:00:00.000Z,19821.5,20017.5,19584.5,19988.5,362813100,61983
2022-09-06T00:00:00.000Z,19988.5,20055,19620.5,19782.5,443451400,72784
2022-09-07T00:00:00.000Z,19782.5,20178,18652.5,18775,780869400,131742
2022-09-08T00:00:00.000Z,18775,19456.5,18514.5,19283.5,351878400,76275
2022-09-09T00:00:00.000Z,19283.5,19450,19005,19307,337231400,77945
2022-09-10T00:00:00.000Z,19307,21620,19291,21363.5,707972400,131373
2022-09-11T00:00:00.000Z,21363.5,21798.5,21125.5,21636,380019700,74501
2022-09-12T00:00:00.000Z,21636,21864,21342.5,21822,333156200,63454
2022-09-13T00:00:00.000Z,21822,22479.5,21511.5,22395,587429200,110209
2022-09-14T00:00:00.000Z,22395,22819,19850,20162.5,875589800,151475
2022-09-15T00:00:00.000Z,20162.5,20518,19602,20216,481896200,93395
2022-09-16T00:00:00.000Z,20216,20329,19480.5,19694.5,398486400,93006
2022-09-17T00:00:00.000Z,19694.5,19875.5,19317,19789.5,360162200,76250
2022-09-18T00:00:00.000Z,19789.5,20165,19740.5,20110,261227900,53865
2022-09-19T00:00:00.000Z,20110,20109.5,19332,19414,298272600,58934
2022-09-20T00:00:00.000Z,19414,19675,18234,19533.5,722967200,125659
2022-09-21T00:00:00.000Z,19533.5,19625,18714.5,18869.5,428346700,85401
2022-09-22T00:00:00.000Z,18869.5,19930.5,18109,18450,392643200,82645
2022-09-23T00:00:00.000Z,18450,19500,18344.5,19389.5,549408100,109121
2022-09-24T00:00:00.000Z,19389.5,19484,18526.5,19280.5,400013900,85514
2022-09-25T00:00:00.000Z,19280.5,19304.5,18802.5,18914.5,201021900,42922
2022-09-26T00:00:00.000Z,18914.5,19169.5,18603.5,18800,277290100,52487
2022-09-27T00:00:00.000Z,18800,19318.5,18680.5,19218,414129500,86850
2022-09-28T00:00:00.000Z,19218,20361.5,18815,19064.5,696502900,129575
2022-09-29T00:00:00.000Z,19064.5,19796.5,18457.5,19412,494021500,115874
2022-09-30T00:00:00.000Z,19412,19640,18838,19582.5,438052300,99406
2022-10-01T00:00:00.000Z,19582.5,20172,19167,19414.5,522651300,111225
2022-10-02T00:00:00.000Z,19414.5,19462.5,19125.5,19302,173425300,40005
2022-10-03T00:00:00.000Z,19302,19386,18842.5,19041,312859900,55092
2022-10-04T00:00:00.000Z,19041,19709,18946,19625,397545700,84252
2022-10-05T00:00:00.000Z,19625,20489,19475,20334,416006000,89448
2022-10-06T00:00:00.000Z,20334,20359.5,19734,20152.5,395326100,84947
2022-10-07T00:00:00.000Z,20152.5,20440.5,19827.5,19950,409934300,87326
2022-10-08T00:00:00.000Z,19950,20064.5,19305.5,19518,466484400,88725
2022-10-09T00:00:00.000Z,19518,19609.5,19212,19412.5,204032800,36065
2022-10-10T00:00:00.000Z,19412.5,19547,19305.5,19437,285681800,41339
2022-10-11T00:00:00.000Z,19437,19519.5,18950.5,19121.5,559156800,96452
2022-10-12T00:00:00.000Z,19121.5,19291.5,18839,19050,363490000,72810
2022-10-13T00:00:00.000Z,19050,19234,18969,19150.5,281023900,61006
2022-10-14T00:00:00.000Z,19150.5,19500,18040,19371,644060400,114595
2022-10-15T00:00:00.000Z,19371,19951.5,19072,19173,449827600,90282
2022-10-16T00:00:00.000Z,19173,19211.5,18983,19054.5,160918700,30904
2022-10-17T00:00:00.000Z,19054.5,19411,19054.5,19254.5,195057400,35061
2022-10-18T00:00:00.000Z,19254.5,19664,19148.5,19540.5,284920600,56959
2022-10-19T00:00:00.000Z,19540.5,19719,19076,19319.5,412058500,91520
2022-10-20T00:00:00.000Z,19319.5,19349.5,19053,19120.5,232867700,50758
2022-10-21T00:00:00.000Z,19120.5,19343.5,18857,19031.5,321152300,71623
2022-10-22T00:00:00.000Z,19031.5,19237,18655,19160.5,325649400,66950
2022-10-23T00:00:00.000Z,19160.5,19237,19104.5,19196.5,104623100,22022
2022-10-24T00:00:00.000Z,19196.5,19686.5,19069,19566.5,190928100,33956
2022-10-25T00:00:00.000Z,19566.5,19593,19132,19326,244384400,54159
2022-10-26T00:00:00.000Z,19326,20423.5,19230.5,20077.5,430056600,84178
2022-10-27T00:00:00.000Z,20077.5,21000,20054,20760,399997100,95328
2022-10-28T00:00:00.000Z,20760,20870,20143.5,20289.5,332055000,85747
2022-10-29T00:00:00.000Z,20289.5,20755.5,19968,20597.5,313392900,78183
2022-10-30T00:00:00.000Z,20597.5,21092,20563,20805.5,284815000,65201
2022-10-31T00:00:00.000Z,20805.5,20920,20515.5,20629.5,207881100,43895
2022-11-01T00:00:00.000Z,20629.5,20837,20234,20490,258224800,65182
2022-11-02T00:00:00.000Z,20490,20698.5,20317.5,20470.5,201264000,56032
2022-11-03T00:00:00.000Z,20470.5,20790,20000,20137.5,344285200,77734
2022-11-04T00:00:00.000Z,20137.5,20374.5,20028,20200,238063100,56034
2022-11-05T00:00:00.000Z,20200,21296,20185,21136.5,403306200,89350
2022-11-06T00:00:00.000Z,21136.5,21466.5,21075.5,21294,154069300,40648
2022-11-07T00:00:00.000Z,21294,21357.5,20876,20902.5,178259000,38412
2022-11-08T00:00:00.000Z,20902.5,21050,20364.5,20578,297609100,69405
2022-11-09T00:00:00.000Z,20578,20675,16901,18530,1299514200,266104
2022-11-10T00:00:00.000Z,18530,18568,15470,15896,1090937900,250202
2022-11-11T00:00:00.000Z,15896,18088,15695.5,17548,703470600,213385
2022-11-12T00:00:00.000Z,17548,17658,16350,16998.5,614605600,163385
2022-11-13T00:00:00.000Z,16998.5,17048,16575,16779.5,155017200,42926
2022-11-14T00:00:00.000Z,16779.5,16916.5,16211,16295.5,179614800,49586
2022-11-15T00:00:00.000Z,16295.5,17144.5,15791.5,16589.5,439267900,119569
2022-11-16T00:00:00.000Z,16589.5,17100,16492.5,16876,316562200,78880
2022-11-17T00:00:00.000Z,16876,16988,16369,16639.5,292968500,67429
2022-11-18T00:00:00.000Z,16639.5,16743.5,16400,16689.5,222940700,50727
2022-11-19T00:00:00.000Z,16689.5,16979,16537.5,16668.5,252243600,55950
2022-11-20T00:00:00.000Z,16668.5,16830,16507,16691,150072500,26996
2022-11-21T00:00:00.000Z,16691,16733,16159.5,16260.5,231499300,45260
2022-11-22T00:00:00.000Z,16260.5,16293,15400,15752.5,486527900,99660
2022-11-23T00:00:00.000Z,15752.5,16290,15608,16197,265144200,74649
2022-11-24T00:00:00.000Z,16197,16713.5,16140.5,16592,312993100,78719
2022-11-25T00:00:00.000Z,16592,16782,16460,16583.5,184522500,50529
2022-11-26T00:00:00.000Z,16583.5,16600,16307,16524,181552900,43763
2022-11-27T00:00:00.000Z,16524,16677,16343,16444,261141700,46646
2022-11-28T00:00:00.000Z,16444,16630,16378.5,16422.5,198318200,37512
2022-11-29T00:00:00.000Z,16422.5,16478.5,15990.5,16210.5,291013300,68247
2022-11-30T00:00:00.000Z,16210.5,16543,16094,16436.5,228630800,55054
2022-12-01T00:00:00.000Z,16436.5,17259.5,16432.5,17160,330940500,83422
2022-12-02T00:00:00.000Z,17160,17300.5,16859.5,16956.5,223270900,59042
2022-12-03T00:00:00.000Z,16956.5,17156,16706.5,17083,243226500,54363
2022-12-04T00:00:00.000Z,17083,17140,16858.5,16901.5,167423200,30136
2022-12-05T00:00:00.000Z,16901.5,17289.5,16900,17121.5,182830700,41725
2022-12-06T00:00:00.000Z,17121.5,17438,16855,16958,285656200,67156
2022-12-07T00:00:00.000Z,16958,17096.5,16913,17075,192769300,48057
2022-12-08T00:00:00.000Z,17075,17130.5,16650,16817.5,209194000,49271
2022-12-09T00:00:00.000Z,16817.5,17311.5,16731,17223,238949800,59325
2022-12-10T00:00:00.000Z,17223,17340,17058,17118.5,177900600,38858
2022-12-11T00:00:00.000Z,17118.5,17213,17098,17122,127838000,22046
2022-12-12T00:00:00.000Z,17122,17258,17071,17081.5,122080300,23537
2022-12-13T00:00:00.000Z,17081.5,17229.5,16870.5,17198.5,214568000,47168
2022-12-14T00:00:00.000Z,17198.5,18190,17073,17774.5,367733900,81469
2022-12-15T00:00:00.000Z,17774.5,18372.5,17663.5,17811.5,320468600,84338
2022-12-16T00:00:00.000Z,17811.5,17858.5,17270.5,17351.5,277202200,62551
2022-12-17T00:00:00.000Z,17351.5,17522,16517,16618.5,399703900,90825
2022-12-18T00:00:00.000Z,16618.5,16787.5,16582,16774,131645600,32571
2022-12-19T00:00:00.000Z,16774,16826,16661,16744.5,100875200,22306
2022-12-20T00:00:00.000Z,16744.5,16819,16240.5,16434.5,217570500,52684
2022-12-21T00:00:00.000Z,16434.5,17045,16390,16891.5,265697700,68378
2022-12-22T00:00:00.000Z,16891.5,16914,16718,16821.5,171217900,38227
2022-12-23T00:00:00.000Z,16821.5,16862,16553,16809.5,224080700,48545
2022-12-24T00:00:00.000Z,16809.5,16935,16745,16780.5,126032500,36009
2022-12-25T00:00:00.000Z,16780.5,16858.5,16780.5,16828.5,57711300,14576
2022-12-26T00:00:00.000Z,16828.5,16848.5,16707,16819,82197100,20904
2022-12-27T00:00:00.000Z,16819,16941,16647,16920,114548500,25180
2022-12-28T00:00:00.000Z,16920,16979,16579.5,16692,189277900,42838
2022-12-29T00:00:00.000Z,16692,16768.5,16456,16537.5,204995500,57807
2022-12-30T00:00:00.000Z,16537.5,16645,16477,16620,141152300,39537
2022-12-31T00:00:00.000Z,16620,16655.5,16322,16602,189409100,46745
2023-01-01T00:00:00.000Z,16602,16618.5,16424.5,16522,98777600,21453
2023-01-02T00:00:00.000Z,16522,16618,16482,16610,76694600,18483
2023-01-03T00:00:00.000Z,16610,16789.5,16544.5,16670,178201900,36082
2023-01-04T00:00:00.000Z,16670,16765,16596,16656,181530200,37356
2023-01-05T00:00:00.000Z,16656,16978,16639.5,16842.5,242691300,57602
2023-01-06T00:00:00.000Z,16842.5,16872,16750.5,16818,137907100,29400
2023-01-07T00:00:00.000Z,16818,17050,16665.5,16947,225178400,49083
2023-01-08T00:00:00.000Z,16947,16963.5,16908.5,16940,43963000,12188
2023-01-09T00:00:00.000Z,16940,17198.5,16907.5,17131,102481000,25766
2023-01-10T00:00:00.000Z,17131,17392,17110,17167.5,244785800,57744
2023-01-11T00:00:00.000Z,17167.5,17485.5,17149.5,17442.5,163484100,41914
2023-01-12T00:00:00.000Z,17442.5,18000,17305.5,17943,216653300,56940
2023-01-13T00:00:00.000Z,17943,19111.5,17909.5,18837.5,576284200,139751
2023-01-14T00:00:00.000Z,18837.5,19998.5,18716,19920,356284600,103400
2023-01-15T00:00:00.000Z,19920,21550,19883.5,20948,749346000,150947
2023-01-16T00:00:00.000Z,20948,21066.5,20460,20879,291708000,74417
2023-01-17T00:00:00.000Z,20879,21478,20555.5,21186,394529300,111290
2023-01-18T00:00:00.000Z,21186,21598.5,20753.5,21118.5,382153300,97347
2023-01-19T00:00:00.000Z,21118.5,21652.5,20398,20671,463020100,111824
2023-01-20T00:00:00.000Z,20671,21164,20650.5,21063.5,305842300,59952
2023-01-21T00:00:00.000Z,21063.5,22750,20853,22665,436130500,95126
2023-01-22T00:00:00.000Z,22665,23361,22336.5,22778.5,528960500,90606
2023-01-23T00:00:00.000Z,22778.5,23066,22265,22697.5,367080200,80469
2023-01-24T00:00:00.000Z,22697.5,23175,22478.5,22910.5,374543500,90690
2023-01-25T00:00:00.000Z,22910.5,23154.5,22454,22629.5,360087600,84334
2023-01-26T00:00:00.000Z,22629.5,23903,22333.5,23055,502615700,103571
2023-01-27T00:00:00.000Z,23055,23277.5,22847.5,23004,361910300,79884
2023-01-28T00:00:00.000Z,23004,23499.5,22525,23068,709014500,107087
2023-01-29T00:00:00.000Z,23068,23184,22875,23020.5,320349300,49140
2023-01-30T00:00:00.000Z,23020.5,23970.5,22958,23743.5,548303900,99586
2023-01-31T00:00:00.000Z,23743.5,23800,22368.5,22807.5,671117200,111237
2023-02-01T00:00:00.000Z,22807.5,23311,22703,23112,429281000,77665
2023-02-02T00:00:00.000Z,23112,23829,22690.5,23734,479794500,100624
2023-02-03T00:00:00.000Z,23734,24264,23363.5,23487,602474700,109346
2023-02-04T00:00:00.000Z,23487,23708.5,23178,23424,440854100,87251
2023-02-05T00:00:00.000Z,23424,23571.5,23238,23298,219009800,41117
2023-02-06T00:00:00.000Z,23298,23427,22755,22933,329589600,65611
2023-02-07T00:00:00.000Z,22933,23151,22624,22756,417820500,78951
2023-02-08T00:00:00.000Z,22756,23350,22743.5,23230.5,478162900,89560
2023-02-09T00:00:00.000Z,23230.5,23436.5,22655,22954.5,339451500,70514
2023-02-10T00:00:00.000Z,22954.5,23003.5,21694.5,21794,788129700,125656
2023-02-11T00:00:00.000Z,21794,21920,21450,21620,470819000,72277
2023-02-12T00:00:00.000Z,21620,21906,21596,21846.5,169074000,34197
2023-02-13T00:00:00.000Z,21846.5,22086,21625,21780,280296900,48529
2023-02-14T00:00:00.000Z,21780,21897.5,21351,21769.5,486442100,81154
2023-02-15T00:00:00.000Z,21769.5,22320,21463,22190,592648100,93831
2023-02-16T00:00:00.000Z,22190,24393,22041.5,24352,722899900,115725
2023-02-17T00:00:00.000Z,24352,25296,23506,23512.5,894760700,145247
2023-02-18T00:00:00.000Z,23512.5,25027,23322.5,24585.5,720222800,124235
2023-02-19T00:00:00.000Z,24585.5,24885,24433.5,24638.5,212906600,49718
2023-02-20T00:00:00.000Z,24638.5,25250,24190,24272,425632100,98133
2023-02-21T00:00:00.000Z,24272,25142,23840.5,24855,507926000,121805
2023-02-22T00:00:00.000Z,24855,25300,24140,24456.5,540790300,126494
2023-02-23T00:00:00.000Z,24456.5,24466.5,23569.5,24178,621270500,143560
2023-02-24T00:00:00.000Z,24178,24604.5,23603,23943,570497100,122791
2023-02-25T00:00:00.000Z,23943,24133,22812.5,23176.5,533120000,109624
2023-02-26T00:00:00.000Z,23176.5,23200,22755,23154.5,254887900,60396
2023-02-27T00:00:00.000Z,23154.5,23687.5,23052,23548.5,312601100,70542
2023-02-28T00:00:00.000Z,23548.5,23892.5,23108,23479.5,398517000,91681
2023-03-01T00:00:00.000Z,23479.5,23596,23012,23130.5,294114100,72876
2023-03-02T00:00:00.000Z,23130.5,24014.5,23017,23630,419496300,95607
2023-03-03T00:00:00.000Z,23630,23790,23187,23453.5,309853900,70572
2023-03-04T00:00:00.000Z,23453.5,23463,21818,22351,511627100,107684
2023-03-05T00:00:00.000Z,22351,22400,22150,22338,156580400,37712
2023-03-06T00:00:00.000Z,22338,22661.5,22180.5,22419,284998300,59452
2023-03-07T00:00:00.000Z,22419,22598,22248,22396,292144100,62168
2023-03-08T00:00:00.000Z,22396,22555.5,21900,22187.5,429357100,88329
2023-03-09T00:00:00.000Z,22187.5,22270,21560.5,21683.5,414360200,82467
2023-03-10T00:00:00.000Z,21683.5,21818,20022.5,20347.5,641078900,125698
2023-03-11T00:00:00.000Z,20347.5,20345.5,19550,20186.5,623575400,145018
2023-03-12T00:00:00.000Z,20186.5,20851.5,19847,20606,481679000,134874
2023-03-13T00:00:00.000Z,20606,22322,20443.5,22179.5,615807400,140775
2023-03-14T00:00:00.000Z,22179.5,24600,21872,24194,965438900,205175
2023-03-15T00:00:00.000Z,24194,26675,23977.5,24733.5,1065850300,217325
2023-03-16T00:00:00.000Z,24733.5,25299.5,23874,24344.5,708304900,187926
2023-03-17T00:00:00.000Z,24344.5,25238.5,24182,25031.5,481943600,134338
2023-03-18T00:00:00.000Z,25031.5,27823,24928,27437,784315500,203280
2023-03-19T00:00:00.000Z,27437,27774.5,26625,26966,467596200,121338
2023-03-20T00:00:00.000Z,26966,28450,26878,28015.5,502904300,126273
2023-03-21T00:00:00.000Z,28015.5,28557,27183,27790.5,722484600,181646
2023-03-22T00:00:00.000Z,27790.5,28517.5,27367,28161.5,500841600,134512
2023-03-23T00:00:00.000Z,28161.5,28938,26573,27290.5,807153800,175541
2023-03-24T00:00:00.000Z,27290.5,28878.5,25600,28330,723157100,144723
2023-03-25T00:00:00.000Z,28330,28413.5,26961,27477.5,641122900,142995
2023-03-26T00:00:00.000Z,27477.5,27888,27158,27477,381711500,82510
2023-03-27T00:00:00.000Z,27477,28244,27433.5,27980,331883700,78443
2023-03-28T00:00:00.000Z,27980,28029,26480,27134.5,503679500,112226
2023-03-29T00:00:00.000Z,27134.5,27514,26602,27252,490211400,105649
2023-03-30T00:00:00.000Z,27252,28659.5,27236.5,28351.5,548913100,108458
2023-03-31T00:00:00.000Z,28351.5,29197,27678.5,28017,548321500,121599
2023-04-01T00:00:00.000Z,28017,28656.5,27479,28462.5,508267900,107680
2023-04-02T00:00:00.000Z,28462.5,28823.5,28210.5,28450,218615100,52564
2023-04-03T00:00:00.000Z,28450,28537,27839.5,28160,287627500,64345
2023-04-04T00:00:00.000Z,28160,28534,27198.5,27795,632489600,131414
2023-04-05T00:00:00.000Z,27795,28465.5,27652.5,28155,410682600,92814
2023-04-06T00:00:00.000Z,28155,28789,27780,28162,449348900,90115
2023-04-07T00:00:00.000Z,28162,28183.5,27678,28022,327514800,69065
2023-04-08T00:00:00.000Z,28022,28100,27772,27899,217543700,44937
2023-04-09T00:00:00.000Z,27899,28170.5,27864,27937.5,156139500,30029
2023-04-10T00:00:00.000Z,27937.5,28538.5,27717.5,28325.5,261785700,49217
2023-04-11T00:00:00.000Z,28325.5,29856,28165,29659,501955100,82166
2023-04-12T00:00:00.000Z,29659,30580,29622,30223,443289000,76201
2023-04-13T00:00:00.000Z,30223,30497.5,29659,29902.5,454636700,71774
2023-04-14T00:00:00.000Z,29902.5,30637,29867.5,30387,336904700,61994
2023-04-15T00:00:00.000Z,30387,31059,29988,30465,480902000,82150
2023-04-16T00:00:00.000Z,30465,30599.5,30230,30299.5,201858800,34953
2023-04-17T00:00:00.000Z,30299.5,30584,30125,30324.5,234297900,38153
2023-04-18T00:00:00.000Z,30324.5,30334,29229,29424.5,466949100,73194
2023-04-19T00:00:00.000Z,29424.5,30489.5,29100,30375.5,462557700,82815
2023-04-20T00:00:00.000Z,30375.5,30408,28518.5,28784,650214600,109781
2023-04-21T00:00:00.000Z,28784,29090,27962.5,28230,502996300,97750
2023-04-22T00:00:00.000Z,28230,28353,27100,27261,534526600,97080
2023-04-23T00:00:00.000Z,27261,27874,27137.5,27805,295027200,48957
2023-04-24T00:00:00.000Z,27805,27808,27299,27577,325014300,56132
2023-04-25T00:00:00.000Z,27577,27996,26900.5,27488.5,520053400,94399
2023-04-26T00:00:00.000Z,27488.5,28392,27190.5,28283.5,419102600,76137
2023-04-27T00:00:00.000Z,28283.5,30041,27182.5,28407.5,1044757600,161845
2023-04-28T00:00:00.000Z,28407.5,29901.5,28374,29463.5,640016300,131020
2023-04-29T00:00:00.000Z,29463.5,29582.5,28895,29311.5,401166400,83306
2023-04-30T00:00:00.000Z,29311.5,29453,29036.5,29230.5,177500800,43908
2023-05-01T00:00:00.000Z,29230.5,29978,29105,29242,422248900,74349
2023-05-02T00:00:00.000Z,29242,29333,27610,28063.5,664932900,120672
2023-05-03T00:00:00.000Z,28063.5,28921.5,27866.5,28679,509040100,94697
2023-05-04T00:00:00.000Z,28679,29278.5,28090,29044.5,717253600,125867
2023-05-05T00:00:00.000Z,29044.5,29400,28670.5,28844,494628200,82184
2023-05-06T00:00:00.000Z,28844,29710,28701.5,29524.5,531717200,95077
2023-05-07T00:00:00.000Z,29524.5,29869,28363.5,28906.5,461751000,81582
2023-05-08T00:00:00.000Z,28906.5,29210,28465.5,28497,413980400,69959
2023-05-09T00:00:00.000Z,28497,28690,27325,27756.5,811958500,123911
2023-05-10T00:00:00.000Z,27756.5,27889.5,27387,27627,511973600,104126
2023-05-11T00:00:00.000Z,27627,28322,26741,27597.5,802247300,127219
2023-05-12T00:00:00.000Z,27597.5,27627.5,26695.5,26969,526924800,92013
2023-05-13T00:00:00.000Z,26969,27089.5,25800,26782,615742400,96348
2023-05-14T00:00:00.000Z,26782,27044.5,26680.5,26768,240408200,40716
2023-05-15T00:00:00.000Z,26768,27222,26550,26921,321416200,53576
2023-05-16T00:00:00.000Z,26921,27675,26688,27154,485350400,76271
2023-05-17T00:00:00.000Z,27154,27295,26823.5,27018,416534900,66520
2023-05-18T00:00:00.000Z,27018,27505.5,26518,27397.5,516747500,74067
2023-05-19T00:00:00.000Z,27397.5,27472.5,26328,26810,470895000,72484
2023-05-20T00:00:00.000Z,26810,27197.5,26602,26879,296415400,48221
2023-05-21T00:00:00.000Z,26879,27156,26820,27094,140444500,23400
2023-05-22T00:00:00.000Z,27094,27270,26619,26745,296187000,44216
2023-05-23T00:00:00.000Z,26745,27138.5,26500.5,26848,402071900,54938
2023-05-24T00:00:00.000Z,26848,27498,26790,27207.5,431843100,57968
2023-05-25T00:00:00.000Z,27207.5,27209.5,26080,26320,516863600,73072
2023-05-26T00:00:00.000Z,26320,26632,25859,26461,449140600,60291
2023-05-27T00:00:00.000Z,26461,26947.5,26324.5,26706.5,335626300,48808
2023-05-28T00:00:00.000Z,26706.5,26900,26538,26859.5,169574600,26227
2023-05-29T00:00:00.000Z,26859.5,28293,26767.5,28071.5,387561200,66440
2023-05-30T00:00:00.000Z,28071.5,28444,27531,27733,336147100,55787
2023-05-31T00:00:00.000Z,27733,28038,27543.5,27704,310039900,56484
2023-06-01T00:00:00.000Z,27704,27836,26795,27204,385748700,62655
2023-06-02T00:00:00.000Z,27204,27348.5,26586,26812.5,352116600,54211
2023-06-03T00:00:00.000Z,26812.5,27292,26468.5,27235,340297700,51652
2023-06-04T00:00:00.000Z,27235,27319,26910,27061,200928200,23568
2023-06-05T00:00:00.000Z,27061,27471,26954.5,27104,202927000,28097
2023-06-06T00:00:00.000Z,27104,27116.5,25390,25720,668727200,87080
2023-06-07T00:00:00.000Z,25720,27360,25344.5,27229,541623900,85710
2023-06-08T00:00:00.000Z,27229,27395.5,26113.5,26336.5,414123300,73476
2023-06-09T00:00:00.000Z,26336.5,26810,26205,26500,215039000,41123
2023-06-10T00:00:00.000Z,26500,26772.5,26268,26463.5,220143900,44803
2023-06-11T00:00:00.000Z,26463.5,26521.5,25359,25837.5,483662900,84153
2023-06-12T00:00:00.000Z,25837.5,26215,25629,25926,227546700,40404
2023-06-13T00:00:00.000Z,25926,26094,25603.5,25901,316937200,54603
2023-06-14T00:00:00.000Z,25901,26440,25710,25922.5,426398900,78593
2023-06-15T00:00:00.000Z,25922.5,26079,24781,25108.5,478174500,76745
2023-06-16T00:00:00.000Z,25108.5,25740,24754.5,25575.5,442619600,86584
2023-06-17T00:00:00.000Z,25575.5,26498,25149,26335,465576000,70559
2023-06-18T00:00:00.000Z,26335,26867,26162.5,26497.5,277788000,44838
2023-06-19T00:00:00.000Z,26497.5,26680,26250,26331.5,269602500,44462
2023-06-20T00:00:00.000Z,26331.5,27059,26243,26820.5,442645900,63932
2023-06-21T00:00:00.000Z,26820.5,28400.5,26624,28310.5,749177700,104210
2023-06-22T00:00:00.000Z,28310.5,30824.5,28272,30004,1070268900,145678
2023-06-23T00:00:00.000Z,30004,30505.5,29511.5,29886,526285500,91616
2023-06-24T00:00:00.000Z,29886,31438.5,29808.5,30698,718381000,97225
2023-06-25T00:00:00.000Z,30698,30797.5,30239,30535.5,232426700,46405
2023-06-26T00:00:00.000Z,30535.5,31045,30283,30470.5,284531900,51128
2023-06-27T00:00:00.000Z,30470.5,30667,29905,30250.5,435696500,68777
2023-06-28T00:00:00.000Z,30250.5,31012.5,30205.5,30684.5,532372600,69576
2023-06-29T00:00:00.000Z,30684.5,30702.5,29817,30058,544614900,69126
2023-06-30T00:00:00.000Z,30058,30833.5,30023,30435,452544400,58764
2023-07-01T00:00:00.000Z,30435,31287.5,29439.5,30464.5,938739000,115431
2023-07-02T00:00:00.000Z,30464.5,30670,30310.5,30587,170237500,25897
2023-07-03T00:00:00.000Z,30587,30799,30151,30607,306302000,42967
2023-07-04T00:00:00.000Z,30607,31403.5,30553.5,31154.5,531893100,61041
2023-07-05T00:00:00.000Z,31154.5,31325,30606.5,30751.5,378149800,48746
2023-07-06T00:00:00.000Z,30751.5,30867.5,30182,30485.5,321788500,51165
2023-07-07T00:00:00.000Z,30485.5,31546,29830.5,29888,829671700,93896
2023-07-08T00:00:00.000Z,29888,30442,29677.5,30344.5,428789000,58778
2023-07-09T00:00:00.000Z,30344.5,30384.5,30014,30274.5,180993100,26721
2023-07-10T00:00:00.000Z,30274.5,30439.5,30055,30162,226106000,30790
2023-07-11T00:00:00.000Z,30162,31056.5,29907,30415.5,595663700,69518
2023-07-12T00:00:00.000Z,30415.5,30818.5,30296.5,30615.5,371627100,53167
2023-07-13T00:00:00.000Z,30615.5,30964,30194,30371.5,412508900,53775
2023-07-14T00:00:00.000Z,30371.5,31874,30238,31470,855636100,86263
2023-07-15T00:00:00.000Z,31470,31642,29848.5,30299,640576900,73251
2023-07-16T00:00:00.000Z,30299,30389,30231,30288,151145700,20908
2023-07-17T00:00:00.000Z,30288,30433,30048.5,30228,245631600,31211
2023-07-18T00:00:00.000Z,30228,30330.5,29638,30132,431493000,59532
2023-07-19T00:00:00.000Z,30132,30230.5,29458,29853.5,455183400,61671
2023-07-20T00:00:00.000Z,29853.5,30184.5,29698,29894,362160900,50998
2023-07-21T00:00:00.000Z,29894,30415,29535,29793.5,483463500,65600
2023-07-22T00:00:00.000Z,29793.5,30055.5,29710,29890.5,305237400,43854
2023-07-23T00:00:00.000Z,29890.5,30008,29587.5,29777.5,213383900,30227
2023-07-24T00:00:00.000Z,29777.5,30350,29719.5,30070.5,354466900,40196
2023-07-25T00:00:00.000Z,30070.5,30080,28796.5,29159.5,572543700,58232
2023-07-26T00:00:00.000Z,29159.5,29360,29027.5,29215.5,295716600,32161
2023-07-27T00:00:00.000Z,29215.5,29666.5,29081,29333.5,430078000,46080
2023-07-28T00:00:00.000Z,29333.5,29558,29065.5,29204.5,281772200,32271
2023-07-29T00:00:00.000Z,29204.5,29533.5,29110,29303,352024400,30512
2023-07-30T00:00:00.000Z,29303,29385,29246,29348.5,120325300,12641
2023-07-31T00:00:00.000Z,29348.5,29444,29010,29265.5,253779500,23212
2023-08-01T00:00:00.000Z,29265.5,29529,29090,29215,391246100,32651
2023-08-02T00:00:00.000Z,29215,29732.5,28555,29697.5,616070800,57348
2023-08-03T00:00:00.000Z,29697.5,30037,28899.5,29167,585097200,55290
2023-08-04T00:00:00.000Z,29167,29410,28950,29177.5,270812500,36735
2023-08-05T00:00:00.000Z,29177.5,29316.5,28764.5,29074.5,287275100,33430
2023-08-06T00:00:00.000Z,29074.5,29110,28954.5,29057.5,102370500,12538
2023-08-07T00:00:00.000Z,29057.5,29175,28970,29061,159867400,20317
2023-08-08T00:00:00.000Z,29061,29250,28660,29185.5,423761800,42209
2023-08-09T00:00:00.000Z,29185.5,30225,29113.5,29759,443260500,51822
2023-08-10T00:00:00.000Z,29759,30125,29350,29553.5,428561000,43867
2023-08-11T00:00:00.000Z,29553.5,29713.5,29292,29429.5,266922400,27383
2023-08-12T00:00:00.000Z,29429.5,29525.5,29216,29390,224057600,25924
2023-08-13T00:00:00.000Z,29390,29460.5,29349,29404.5,81679600,9786
2023-08-14T00:00:00.000Z,29404.5,29436,29250,29273.5,150648400,12458
2023-08-15T00:00:00.000Z,29273.5,29659,29063,29398,531764300,40659
2023-08-16T00:00:00.000Z,29398,29460.5,29030,29160.5,295837800,28564
2023-08-17T00:00:00.000Z,29160.5,29215.5,28680,28685,410835500,36821
2023-08-18T00:00:00.000Z,28685,28737,24184,26590,1213882600,107612
2023-08-19T00:00:00.000Z,26590,26801,25585,26033,617448900,67865
2023-08-20T00:00:00.000Z,26033,26255,25779,26087,199640200,28508
2023-08-21T00:00:00.000Z,26087,26287,25961.5,26178.5,171793100,25889
2023-08-22T00:00:00.000Z,26178.5,26463,25774,26119,371280200,41502
2023-08-23T00:00:00.000Z,26119,26130,25337.5,26031.5,463450000,51148
2023-08-24T00:00:00.000Z,26031.5,26818,25788,26414.5,568365200,63636
2023-08-25T00:00:00.000Z,26414.5,26555.5,25835.5,26151.5,347493400,43710
2023-08-26T00:00:00.000Z,26151.5,26292,25749.5,26037,266586700,40492
2023-08-27T00:00:00.000Z,26037,26100,25970.5,25998,62084500,11364
2023-08-28T00:00:00.000Z,25998,26156,25951,26080,89606600,12587
2023-08-29T00:00:00.000Z,26080,26228.5,25832,26091.5,238423600,28922
2023-08-30T00:00:00.000Z,26091.5,28139,25894,27712,634482800,74890
2023-08-31T00:00:00.000Z,27712,27752,26997.5,27290.5,301412900,45107
2023-09-01T00:00:00.000Z,27290.5,27569,25642,25918,500105500,66162
2023-09-02T00:00:00.000Z,25918,26130,25319.5,25791,406477100,55687
2023-09-03T00:00:00.000Z,25791,25968.5,25739.5,25858.5,95123100,18631
2023-09-04T00:00:00.000Z,25858.5,26135.5,25802,25970,185660100,29988
2023-09-05T00:00:00.000Z,25970,26100,25613,25795.5,250044500,32836
2023-09-06T00:00:00.000Z,25795.5,25878.5,25541.5,25770.5,213216800,32894
2023-09-07T00:00:00.000Z,25770.5,26120.5,25350,25738.5,382478300,44445
2023-09-08T00:00:00.000Z,25738.5,26419.5,25592,26238,334000000,43131
2023-09-09T00:00:00.000Z,26238,26431,25608.5,25889.5,382932900,44567
2023-09-10T00:00:00.000Z,25889.5,25923,25772,25885,98665100,12442
2023-09-11T00:00:00.000Z,25885,26005,25491,25824,218662100,24871
2023-09-12T00:00:00.000Z,25824,25890.5,24883,25148.5,569532300,53911
2023-09-13T00:00:00.000Z,25148.5,26563.5,25115,25824.5,684955300,73232
2023-09-14T00:00:00.000Z,25824.5,26407.5,25750,26214.5,296007000,43974
2023-09-15T00:00:00.000Z,26214.5,26884,26120,26519,421148600,52614
2023-09-16T00:00:00.000Z,26519,26878,26211,26590.5,326168800,38434
2023-09-17T00:00:00.000Z,26590.5,26771,26441,26552,151538500,22896
2023-09-18T00:00:00.000Z,26552,26620,26385.5,26523,155991500,21894
2023-09-19T00:00:00.000Z,26523,27409.5,26371,26759,547950400,62987
2023-09-20T00:00:00.000Z,26759,27491,26662.5,27190,421410700,55350
2023-09-21T00:00:00.000Z,27190,27379.5,26779,27109,349883600,48944
2023-09-22T00:00:00.000Z,27109,27151,26363.5,26556.5,289593800,39061
2023-09-23T00:00:00.000Z,26556.5,26725,26456.5,26572,194677800,29793
2023-09-24T00:00:00.000Z,26572,26622.5,26462.5,26573.5,112219600,12555
2023-09-25T00:00:00.000Z,26573.5,26731,26084,26233,232237200,25360
2023-09-26T00:00:00.000Z,26233,26438,25963.5,26284,360946600,45579
2023-09-27T00:00:00.000Z,26284,26379.5,26081,26199.5,161355000,28621
2023-09-28T00:00:00.000Z,26199.5,26828.5,26090,26340,321930700,40870
2023-09-29T00:00:00.000Z,26340,27300,26312.5,27010.5,323358900,51048
2023-09-30T00:00:00.000Z,27010.5,27233,26650,26901,306466900,43017
2023-10-01T00:00:00.000Z,26901,27075,26881,26961.5,89738900,16281
2023-10-02T00:00:00.000Z,26961.5,28298,26947.5,27980.5,315498100,36143
2023-10-03T00:00:00.000Z,27980.5,28587.5,27284,27491,658029600,74485
2023-10-04T00:00:00.000Z,27491,27659,27140,27416,241698700,37144
2023-10-05T00:00:00.000Z,27416,27825.5,27186.5,27767,298001800,42615
2023-10-06T00:00:00.000Z,27767,28110.5,27347,27400,319321200,43153
2023-10-07T00:00:00.000Z,27400,28313,26896.5,27937,449856700,52383
2023-10-08T00:00:00.000Z,27937,28025.5,27847,27957.5,124023600,19121
2023-10-09T00:00:00.000Z,27957.5,28096.5,27683,27920.5,222114200,28140
2023-10-10T00:00:00.000Z,27920.5,27992.5,27250,27585,365591600,41362
2023-10-11T00:00:00.000Z,27585,27730,27282.5,27375,225900800,30571
2023-10-12T00:00:00.000Z,27375,27459.5,26520.5,26860.5,367673400,47577
2023-10-13T00:00:00.000Z,26860.5,26929,26531.5,26742,268257900,34375
2023-10-14T00:00:00.000Z,26742,27115,26660,26848.5,217868200,35058
2023-10-15T00:00:00.000Z,26848.5,26976,26771.5,26844,67816600,13889
2023-10-16T00:00:00.000Z,26844,27286,26798.5,27140.5,168061300,25106
2023-10-17T00:00:00.000Z,27140.5,30538.5,27100.5,28497,722665700,110713
2023-10-18T00:00:00.000Z,28497,28619.5,28067,28403,278777900,48313
2023-10-19T00:00:00.000Z,28403,28996.5,28136.5,28316,213205700,42437
2023-10-20T00:00:00.000Z,28316,28916,28080.5,28715,202909800,38406
2023-10-21T00:00:00.000Z,28715,30257.5,28583.5,29668.5,409707100,69775
2023-10-22T00:00:00.000Z,29668.5,30380,29462,29908,191987200,38841
2023-10-23T00:00:00.000Z,29908,30275,29633.5,29983,196805500,36416
2023-10-24T00:00:00.000Z,29983,35850.5,29873.5,33122,918928900,124212
2023-10-25T00:00:00.000Z,33122,35321,32888.5,33939.5,949867400,127587
2023-10-26T00:00:00.000Z,33939.5,35184,33696.5,34527,540834500,78600
2023-10-27T00:00:00.000Z,34527,34877,33765,34159.5,359742200,57369
2023-10-28T00:00:00.000Z,34159.5,34267.5,33374,33923,325785600,46342
2023-10-29T00:00:00.000Z,33923,34616.5,33892,34109.5,252361100,32286
2023-10-30T00:00:00.000Z,34109.5,34794,33956,34545,218699000,33692
2023-10-31T00:00:00.000Z,34545,34910,34022,34505,308412200,45649
2023-11-01T00:00:00.000Z,34505,34783,34057.5,34682,261815900,43751
2023-11-02T00:00:00.000Z,34682,35756.5,33942.5,35472,496713400,72742
2023-11-03T00:00:00.000Z,35472,36077,34307,34963.5,413290200,76212
2023-11-04T00:00:00.000Z,34963.5,34965.5,33989,34723,603968000,105241
2023-11-05T00:00:00.000Z,34723,35296.5,34595.5,35097.5,149698100,32053
2023-11-06T00:00:00.000Z,35097.5,35478.5,34476.5,35057.5,311731500,55223
2023-11-07T00:00:00.000Z,35057.5,35325,34771.5,35068.5,203749100,49818
2023-11-08T00:00:00.000Z,35068.5,35942.5,34548,35435,365674800,62851
2023-11-09T00:00:00.000Z,35435,36161.5,35117,35649.5,320896500,55974
2023-11-10T00:00:00.000Z,35649.5,38085,35575.5,36721,798492500,113896
2023-11-11T00:00:00.000Z,36721,37598.5,36351,37341,382648100,71363
2023-11-12T00:00:00.000Z,37341,37433.5,36677,37169.5,207464300,43464
2023-11-13T00:00:00.000Z,37169.5,37270,36754.5,37109.5,152670000,33809
2023-11-14T00:00:00.000Z,37109.5,37464.5,36350.5,36473,326739600,62342
2023-11-15T00:00:00.000Z,36473,36782.5,34626.5,35565.5,526304300,78333
2023-11-16T00:00:00.000Z,35565.5,38001.5,35382,37906.5,523056800,81522
2023-11-17T00:00:00.000Z,37906.5,37974.5,35500,36164.5,505790800,80728
2023-11-18T00:00:00.000Z,36164.5,36887,35858.5,36615.5,371157200,65457
2023-11-19T00:00:00.000Z,36615.5,36853,36208,36581.5,177153600,31163
2023-11-20T00:00:00.000Z,36581.5,37541.5,36399,37390.5,185030400,36539
2023-11-21T00:00:00.000Z,37390.5,37780,36706,37471.5,388351800,65023
2023-11-22T00:00:00.000Z,37471.5,37677.5,35685.5,35707.5,598361800,93568
2023-11-23T00:00:00.000Z,35707.5,37878,35515.5,37420,357188200,69486
2023-11-24T00:00:00.000Z,37420,37650.5,36842.5,37273,212263200,45704
2023-11-25T00:00:00.000Z,37273,38439.5,37246.5,37735.5,502836100,79205
2023-11-26T00:00:00.000Z,37735.5,37893,37580,37795,147631900,26732
2023-11-27T00:00:00.000Z,37795,37808,37128,37443,263878400,41219
2023-11-28T00:00:00.000Z,37443,37569,36650,37238,366801500,58117
2023-11-29T00:00:00.000Z,37238,38400,36863.5,37817,367848100,56535
2023-11-30T00:00:00.000Z,37817,38486,37552,37854.5,315939100,55409
2023-12-01T00:00:00.000Z,37854.5,38132,37452,37707,265998900,42116
2023-12-02T00:00:00.000Z,37707,39044.5,37610,38724,778779600,109166
2023-12-03T00:00:00.000Z,38724,39887,38680.5,39505,303211100,42246
2023-12-04T00:00:00.000Z,39505,40400,39305,40024,251914500,46928
2023-12-05T00:00:00.000Z,40024,42479,40022.5,42010,732079000,108292
2023-12-06T00:00:00.000Z,42010,44539.5,41423.5,44116,604297700,89919
2023-12-07T00:00:00.000Z,44116,44309,43330.5,43749.5,782134900,133596
2023-12-08T00:00:00.000Z,43749.5,44038,42777.5,43286.5,430014800,66927
2023-12-09T00:00:00.000Z,43286.5,44745.5,43051.5,44168.5,379100800,63482
2023-12-10T00:00:00.000Z,44168.5,44358.5,43570,43736.5,281836200,44078
2023-12-11T00:00:00.000Z,43736.5,44074.5,43544,43809.5,189510100,29969
2023-12-12T00:00:00.000Z,43809.5,43824.5,40178.5,41236.5,1029243700,122620
2023-12-13T00:00:00.000Z,41236.5,42100,40650,41476.5,571036600,84284
2023-12-14T00:00:00.000Z,41476.5,43525,40555,42875,545322100,83822
2023-12-15T00:00:00.000Z,42875,43434,41301,43037,481018400,76655
2023-12-16T00:00:00.000Z,43037,43103.5,41660,41961,320030900,56942
2023-12-17T00:00:00.000Z,41961,42751.5,41600,42277.5,198336000,45541
2023-12-18T00:00:00.000Z,42277.5,42425.5,41164.5,41350,441670200,64595
2023-12-19T00:00:00.000Z,41350,42765,40513,42645.5,524799600,89504
2023-12-20T00:00:00.000Z,42645.5,43485.5,41807.5,42273,353836500,73419
2023-12-21T00:00:00.000Z,42273,44331.5,42194,43699.5,495978000,92044
2023-12-22T00:00:00.000Z,43699.5,44282,43322.5,43900.5,380397100,73771
2023-12-23T00:00:00.000Z,43900.5,44484.5,43429.5,44007,288881100,60129
2023-12-24T00:00:00.000Z,44007,44033,43315,43735.5,172172600,34161
2023-12-25T00:00:00.000Z,43735.5,43987.5,42539.5,43032,254668300,44721
2023-12-26T00:00:00.000Z,43032,43849,42754,43628.5,264077800,47179
2023-12-27T00:00:00.000Z,43628.5,43640.5,41640,42533,466708600,73713
2023-12-28T00:00:00.000Z,42533,43728,42130,43475,357844100,71503
2023-12-29T00:00:00.000Z,43475,43893.5,42307.5,42610,335883400,66297
2023-12-30T00:00:00.000Z,42610,43177.5,41284,42080,431491600,82826
2023-12-31T00:00:00.000Z,42080,42639.5,41552.5,42187,245127800,53580
2024-01-01T00:00:00.000Z,42187,42905,41983.5,42312,197525500,50938
2024-01-02T00:00:00.000Z,42312,44275,42213,44257.5,291996800,61325
2024-01-03T00:00:00.000Z,44257.5,45965.5,44227,44974,753687200,115584
2024-01-04T00:00:00.000Z,44974,45545,40200,42853,970282800,134424
2024-01-05T00:00:00.000Z,42853,44824,42635.5,44164.5,504945800,92392
2024-01-06T00:00:00.000Z,44164.5,44429.5,42333.5,44167.5,650428400,116500
2024-01-07T00:00:00.000Z,44167.5,44226,43420,43972,200073800,49038
2024-01-08T00:00:00.000Z,43972,44468.5,43572,43926.5,255682800,60458
2024-01-09T00:00:00.000Z,43926.5,47342,43164,46986.5,838402400,143909
2024-01-10T00:00:00.000Z,46986.5,47999,44564,46106,831909200,134296
2024-01-11T00:00:00.000Z,46106,47696.5,44285,46647,1153736600,191515
2024-01-12T00:00:00.000Z,46647,49049.5,45570,46325.5,991944200,148519
2024-01-13T00:00:00.000Z,46325.5,46507.5,41315.5,42712,688168600,145469
2024-01-14T00:00:00.000Z,42712,43245,42363.5,42824.5,261613100,66901
2024-01-15T00:00:00.000Z,42824.5,43045.5,41656.5,41690.5,277431400,63155
2024-01-16T00:00:00.000Z,41690.5,43342,41667.5,42467.5,298009300,71602
2024-01-17T00:00:00.000Z,42467.5,43560,42000,43108.5,289170000,72926
2024-01-18T00:00:00.000Z,43108.5,43171.5,42140.5,42726.5,272844100,73743
2024-01-19T00:00:00.000Z,42726.5,42872,40594,41256,415825600,92870
2024-01-20T00:00:00.000Z,41256,42140.5,40232,41606,446859700,115118
2024-01-21T00:00:00.000Z,41606,41844.5,41412,41651,112601000,36360
2024-01-22T00:00:00.000Z,41651,41846,41476.5,41550,112461900,28693
2024-01-23T00:00:00.000Z,41550,41655,39327.5,39502.5,647393700,145026
2024-01-24T00:00:00.000Z,39502.5,40123,38498,39864,461603700,125450
2024-01-25T00:00:00.000Z,39864,40529.5,39452.5,40056,299006400,86902
2024-01-26T00:00:00.000Z,40056,40279,39509.5,39919,189820500,65663
2024-01-27T00:00:00.000Z,39919,42224.5,39794,41795,339110600,96213
2024-01-28T00:00:00.000Z,41795,42186,41360,42102.5,114733500,40902
2024-01-29T00:00:00.000Z,42102.5,42822.5,41600.5,42015,191502600,62189
2024-01-30T00:00:00.000Z,42015,43300,41782,43296,228747300,63280
2024-01-31T00:00:00.000Z,43296,43850.5,42637.5,42916.5,367396700,84285
2024-02-01T00:00:00.000Z,42916.5,43752,42239,42527,382790900,106317
2024-02-02T00:00:00.000Z,42527,43260,41815.5,43050,303554100,83488
2024-02-03T00:00:00.000Z,43050,43443,42511,43156.5,238671400,69480
2024-02-04T00:00:00.000Z,43156.5,43339.5,42848.5,42975.5,100060000,30265
2024-02-05T00:00:00.000Z,42975.5,43083.5,42113,42540.5,188915900,50085
2024-02-06T00:00:00.000Z,42540.5,43550,42217.5,42652,280650700,80029
2024-02-07T00:00:00.000Z,42652,43370.5,42506.5,43076,204476400,58887
2024-02-08T00:00:00.000Z,43076,44386,42746,44325,311060700,76328
2024-02-09T00:00:00.000Z,44325,45632,44325.5,45292.5,341653400,82254
2024-02-10T00:00:00.000Z,45292.5,48220,45241,47154,582195600,115046
2024-02-11T00:00:00.000Z,47154,48197.5,46869,47765,163160500,50809
2024-02-12T00:00:00.000Z,47765,48620,47575,48329.5,243914400,65096
2024-02-13T00:00:00.000Z,48329.5,50433,47716.5,49973,552043800,104657
2024-02-14T00:00:00.000Z,49973,50443.5,48320,49740,478164600,96964
2024-02-15T00:00:00.000Z,49740,52118.5,49261,51856,543109000,99118
2024-02-16T00:00:00.000Z,51856,52885,51367.5,51971,475656700,105705
2024-02-17T00:00:00.000Z,51971,52660,51623.5,52167,359856700,83048
2024-02-18T00:00:00.000Z,52167,52217.5,50650,51695.5,381300800,66020
2024-02-19T00:00:00.000Z,51695.5,52478,51215,52175,226943300,47511
2024-02-20T00:00:00.000Z,52175,52540,51688,51798,229903800,59306
2024-02-21T00:00:00.000Z,51798,53080.5,50770,52312,532542600,94103
2024-02-22T00:00:00.000Z,52312,52417.5,50595,51898,437424100,88045
2024-02-23T00:00:00.000Z,51898,52087.5,50925,51289,300171600,72005
2024-02-24T00:00:00.000Z,51289,51531.5,50511.5,50729,250049100,65481
2024-02-25T00:00:00.000Z,50729,51734,50590,51596.5,156508500,33464
2024-02-26T00:00:00.000Z,51596.5,52066,51294,51746.5,198832800,42841
2024-02-27T00:00:00.000Z,51746.5,55016.5,50908,54557.5,496554200,105034
2024-02-28T00:00:00.000Z,54557.5,57646,54517.5,57112,688728600,144054
2024-02-29T00:00:00.000Z,57112,64391,56753.5,62532,1243520600,217640
2024-03-01T00:00:00.000Z,62532,63820.5,60408,61207.5,781685300,138406
2024-03-02T00:00:00.000Z,61207.5,63200,60837,62430.5,426717900,101721
2024-03-03T00:00:00.000Z,62430.5,62510.5,61678,62075.5,214409800,61426
2024-03-04T00:00:00.000Z,62075.5,63346.5,61388,63197,295806900,61124
2024-03-05T00:00:00.000Z,63197,68661.5,62370.5,68331,954449500,171321
2024-03-06T00:00:00.000Z,68331,69409.5,59283,63774.5,1804724000,251793
2024-03-07T00:00:00.000Z,63774.5,67739.5,62801.5,66093,791738900,145801
2024-03-08T00:00:00.000Z,66093,68132,65596,66961.5,441552700,97768
2024-03-09T00:00:00.000Z,66961.5,70449.5,66145,68260,727958500,135788
2024-03-10T00:00:00.000Z,68260,68701.5,68007,68476.5,124894700,41608
2024-03-11T00:00:00.000Z,68476.5,70117,68217,69028,454685800,88720
2024-03-12T00:00:00.000Z,69028,72850,67020,72181,841325900,164648
2024-03-13T00:00:00.000Z,72181,73232.5,68656,71500,882409900,143114
2024-03-14T00:00:00.000Z,71500,73757,71360,73134.5,407477600,94543
2024-03-15T00:00:00.000Z,73134.5,73927.5,68522,71324.5,883999800,167263
2024-03-16T00:00:00.000Z,71324.5,72428,65536,69506.5,1081435400,211835
2024-03-17T00:00:00.000Z,69506.5,70059.5,64720.5,65273.5,465956300,118578
2024-03-18T00:00:00.000Z,65273.5,68919.5,64560,68362.5,521087300,131732
2024-03-19T00:00:00.000Z,68362.5,68978.5,66512.5,67621,569116900,117507
2024-03-20T00:00:00.000Z,67621,68139.5,61527,61929.5,1153537600,207726
2024-03-21T00:00:00.000Z,61929.5,68147,60803,67898.5,830366400,163811
2024-03-22T00:00:00.000Z,67898.5,68280.5,64547,65502.5,463036000,146159
2024-03-23T00:00:00.000Z,65502.5,66683.5,62300,63859.5,576424000,159528
2024-03-24T00:00:00.000Z,63859.5,66082.5,63031.5,64021,331895600,105277
2024-03-25T00:00:00.000Z,64021,67718.5,63828,67263,391605000,109915
2024-03-26T00:00:00.000Z,67263,71249.5,66423,69952,601000400,147994
2024-03-27T00:00:00.000Z,69952,71669.5,69350,70037,434121000,135638
2024-03-28T00:00:00.000Z,70037,71874,68420.5,69475,590612800,154925
2024-03-29T00:00:00.000Z,69475,71646,68901,70812,352186100,113259
2024-03-30T00:00:00.000Z,70812,70929,69054.5,69940.5,369951500,90684
2024-03-31T00:00:00.000Z,69940.5,70458,69618,69651.5,210294200,50236
2024-04-01T00:00:00.000Z,69651.5,71497,69644.5,71415,208328000,47998
2024-04-02T00:00:00.000Z,71415,71407,68074.5,69715,553931300,104620
2024-04-03T00:00:00.000Z,69715,69731.5,64563,65459.5,876661700,171860
2024-04-04T00:00:00.000Z,65459.5,66937,64446.5,65943.5,332136400,99646
2024-04-05T00:00:00.000Z,65943.5,69350,65065.5,68492.5,451323200,114326
2024-04-06T00:00:00.000Z,68492.5,68747.5,65933,67826,495325300,118665
2024-04-07T00:00:00.000Z,67826,69679,67458.5,68907.5,205860700,53810
2024-04-08T00:00:00.000Z,68907.5,70373.5,68838,69335.5,308535500,72832
2024-04-09T00:00:00.000Z,69335.5,72843,69025,71629,465756300,122874
2024-04-10T00:00:00.000Z,71629,71742.5,68169,69100.5,645716200,132318
2024-04-11T00:00:00.000Z,69100.5,71199.5,67430.5,70616,627867800,131482
2024-04-12T00:00:00.000Z,70616,71319,69545,69990.5,462132700,108747
2024-04-13T00:00:00.000Z,69990.5,71244.5,64953.5,67104,931346100,158599
2024-04-14T00:00:00.000Z,67104,67915.5,59994,63955,1251446000,195885
2024-04-15T00:00:00.000Z,63955,65855,62166,65691,773736500,170633
2024-04-16T00:00:00.000Z,65691,66876.5,62300,63414.5,678560700,164501
2024-04-17T00:00:00.000Z,63414.5,64348,61568,63809.5,744612400,171885
2024-04-18T00:00:00.000Z,63809.5,64478,59631,61232,685361600,163159
2024-04-19T00:00:00.000Z,61232,64134.5,60840,63434.5,517925000,148931
2024-04-20T00:00:00.000Z,63434.5,65449.5,59501,63804.5,804542300,189103
2024-04-21T00:00:00.000Z,63804.5,65419.5,63068.5,64933,333885100,92791
2024-04-22T00:00:00.000Z,64933,65709,64215,64923,309391900,87672
2024-04-23T00:00:00.000Z,64923,67229,64500.5,66812,379852600,114295
2024-04-24T00:00:00.000Z,66812,67200,65797.5,66384,242953000,78420
2024-04-25T00:00:00.000Z,66384,67074.5,63525.5,64240.5,466165700,96980
2024-04-26T00:00:00.000Z,64240.5,65262.5,62721.5,64456,515646700,104687
2024-04-27T00:00:00.000Z,64456,64789,63259,63716.5,323731000,75041
2024-04-28T00:00:00.000Z,63716.5,63872.5,62326.5,63390,290839100,63506
2024-04-29T00:00:00.000Z,63390,64315.5,62689,63072.5,187318000,47521
2024-04-30T00:00:00.000Z,63072.5,64176.5,61734,63820.5,340712100,86340
2024-05-01T00:00:00.000Z,63820.5,64700,59091,60602,586666800,141915
2024-05-02T00:00:00.000Z,60602,60755,56439,58230.5,869039700,180144
2024-05-03T00:00:00.000Z,58230.5,59648,56879,59029,401496200,116742
2024-05-04T00:00:00.000Z,59029,63359.5,58792,62889.5,560048600,130864
2024-05-05T00:00:00.000Z,62889.5,64545.5,62550,63886.5,289883400,84970
2024-05-06T00:00:00.000Z,63886.5,64698,62855,63989,278503700,73535
2024-05-07T00:00:00.000Z,63989,65518.5,62670.5,63142.5,429374300,102519
2024-05-08T00:00:00.000Z,63142.5,64391.5,62215,62300,340645400,90510
2024-05-09T00:00:00.000Z,62300,63007,60829.5,61160,372167400,103374
2024-05-10T00:00:00.000Z,61160,63442.5,60434,63033.5,304820400,87160
2024-05-11T00:00:00.000Z,63033.5,63451.5,60133,60757.5,412236900,99865
2024-05-12T00:00:00.000Z,60757.5,61470,60432.5,60796,139222400,49534
2024-05-13T00:00:00.000Z,60796,61844,60566,61426,133143500,40095
2024-05-14T00:00:00.000Z,61426,63428,60702.5,62892,322219900,84612
2024-05-15T00:00:00.000Z,62892,63069.5,61052,61529,413002900,101046
2024-05-16T00:00:00.000Z,61529,66473,61273,66203,519094300,127085
2024-05-17T00:00:00.000Z,66203,66771.5,64570.5,65217,352460900,102501
2024-05-18T00:00:00.000Z,65217,67464.5,65075.5,67015.5,326154800,88898
2024-05-19T00:00:00.000Z,67015.5,67373,66580,66907.5,141685300,51580
2024-05-20T00:00:00.000Z,66907.5,67714.5,65831.5,66230.5,236248000,61783
2024-05-21T00:00:00.000Z,66230.5,71630,66033.5,71466.5,698750500,149155
2024-05-22T00:00:00.000Z,71466.5,72040,69150,70147.5,491363700,124068
2024-05-23T00:00:00.000Z,70147.5,70689,68888.5,69154.5,303723600,91856
2024-05-24T00:00:00.000Z,69154.5,70100,66068,67957.5,682166600,138061
2024-05-25T00:00:00.000Z,67957.5,69248.5,66604,68544,251288100,87555
2024-05-26T00:00:00.000Z,68544,69598,68493.5,69283,110106900,45937
2024-05-27T00:00:00.000Z,69283,69555,68150,68476,142878600,45017
2024-05-28T00:00:00.000Z,68476,70672,68217.5,69404,314658000,74973
2024-05-29T00:00:00.000Z,69404,69549.5,67200,68357,399278500,107591
2024-05-30T00:00:00.000Z,68357,68895.5,67070.5,67559.5,243797300,83866
2024-05-31T00:00:00.000Z,67559.5,69567.5,67100,68343,379425500,92501
2024-06-01T00:00:00.000Z,68343,69402.5,66577,67486.5,415292600,97048
2024-06-02T00:00:00.000Z,67486.5,67839.5,67368.5,67710,107500000,31914
2024-06-03T00:00:00.000Z,67710,68439,67229.5,67720,188497000,44096
2024-06-04T00:00:00.000Z,67720,70355.5,67568,68821,507445400,102046
2024-06-05T00:00:00.000Z,68821,71268.5,68535,70576,726996300,148463
2024-06-06T00:00:00.000Z,70576,71829.5,70407.5,71116.5,331754400,94321
2024-06-07T00:00:00.000Z,71116.5,71698.5,70112,70786,243291700,75957
2024-06-08T00:00:00.000Z,70786,72029,68323,69299.5,614049200,134633
2024-06-09T00:00:00.000Z,69299.5,69551.5,69159.5,69295,131646200,39289
2024-06-10T00:00:00.000Z,69295,69853,69114.5,69629,113689300,33521
2024-06-11T00:00:00.000Z,69629,70174.5,69123,69497.5,289183500,63144
2024-06-12T00:00:00.000Z,69497.5,69531,65901,67282,682288500,126253
2024-06-13T00:00:00.000Z,67282,70000,66875,68201.5,469523400,116087
2024-06-14T00:00:00.000Z,68201.5,68439.5,66191,66709,357369800,107544
2024-06-15T00:00:00.000Z,66709,67300,64953.5,65951.5,284378600,89187
2024-06-16T00:00:00.000Z,65951.5,66407.5,65770.5,66146,106203800,34697
2024-06-17T00:00:00.000Z,66146,66890,65982.5,66618,132621400,34301
2024-06-18T00:00:00.000Z,66618,67250,65030,66452,419552800,88683
2024-06-19T00:00:00.000Z,66452,66545,64002,65122,487233500,119233
2024-06-20T00:00:00.000Z,65122,65689,64625.5,64943.5,203844000,67379
2024-06-21T00:00:00.000Z,64943.5,66441.5,64487,64830,358860300,89160
2024-06-22T00:00:00.000Z,64830,64992.5,63302,64091.5,299216900,89616
2024-06-23T00:00:00.000Z,64091.5,64463,63895,64232.5,91371800,25514
2024-06-24T00:00:00.000Z,64232.5,64479.5,63103.5,63126.5,126907400,29435
2024-06-25T00:00:00.000Z,63126.5,63288.5,58339,60221,782795800,146791
2024-06-26T00:00:00.000Z,60221,62387,60186,61760.5,422658900,107060
2024-06-27T00:00:00.000Z,61760.5,62444.5,60645,60811,297783000,82842
2024-06-28T00:00:00.000Z,60811,62320,60539,61622,276623500,71445
2024-06-29T00:00:00.000Z,61622,62150,59911,60297,396437500,111929
2024-06-30T00:00:00.000Z,60297,61158.5,60283,60878.5,153988700,38034
2024-07-01T00:00:00.000Z,60878.5,62976.5,60623,62688.5,223496600,56241
2024-07-02T00:00:00.000Z,62688.5,63770.5,62445,62843,294657300,74802
2024-07-03T00:00:00.000Z,62843,63199.5,61724,62009,228118000,55826
2024-07-04T00:00:00.000Z,62009,62165,59275,60107,371611800,75320
2024-07-05T00:00:00.000Z,60107,60411,56709.5,57026.5,562977700,131855
2024-07-06T00:00:00.000Z,57026.5,57499,53304.5,56610,743493500,172622
2024-07-07T00:00:00.000Z,56610,58450,56009,58201,188488600,65529
2024-07-08T00:00:00.000Z,58201,58444,55690.5,55854.5,218414900,59988
2024-07-09T00:00:00.000Z,55854.5,58185,54288,56711,735551200,163998
2024-07-10T00:00:00.000Z,56711,58293,56267.5,58018.5,269024700,97367
2024-07-11T00:00:00.000Z,58018.5,59448,57133.5,57712.5,352633300,83487
2024-07-12T00:00:00.000Z,57712.5,59500,57023,57322.5,314646500,95880
2024-07-13T00:00:00.000Z,57322.5,58532.5,56525,57879,224255800,75946
2024-07-14T00:00:00.000Z,57879,59880.5,57750,59213,206340100,41648
2024-07-15T00:00:00.000Z,59213,61483,59212.5,60782,287952200,56640
2024-07-16T00:00:00.000Z,60782,64924,60654,64745.5,412051000,98456
2024-07-17T00:00:00.000Z,64745.5,65429,62400,65072,544360200,108881
2024-07-18T00:00:00.000Z,65072,66149.5,63856,64075,387424200,95280
2024-07-19T00:00:00.000Z,64075,65138.5,63206,63967.5,278069100,61106
2024-07-20T00:00:00.000Z,63967.5,67400,63277.5,66667,520271300,96790
2024-07-21T00:00:00.000Z,66667,67676,66272,67174,237766900,49207
2024-07-22T00:00:00.000Z,67174,68400,65850,68196.5,356069000,58766
2024-07-23T00:00:00.000Z,68196.5,68517,66550.5,67533,318443700,69039
2024-07-24T00:00:00.000Z,67533,67745.5,65444,65926,429571600,87102
2024-07-25T00:00:00.000Z,65926,67096.5,65076.5,65345,263410500,68602
2024-07-26T00:00:00.000Z,65345,66100,63433,65767.5,486469500,100962
2024-07-27T00:00:00.000Z,65767.5,68213.5,65693.5,67900,461782400,84881
2024-07-28T00:00:00.000Z,67900,69439,66650,67877,654284000,110031
2024-07-29T00:00:00.000Z,67877,68319,67050,68230,286562500,66323
2024-07-30T00:00:00.000Z,68230,70070,66401,66742.5,713392500,125000
2024-07-31T00:00:00.000Z,66742.5,67000.5,65284.5,66176.5,283660400,78456
2024-08-01T00:00:00.000Z,66176.5,66837.5,64500.4,64600,358748300,73865
2024-08-02T00:00:00.000Z,64600,65590.5,62224.2,65287.6,548369400,106993
2024-08-03T00:00:00.000Z,65287.6,65550,61145,61400,621974700,135482
2024-08-04T00:00:00.000Z,61400,62149.100000000006,59806,60692.7,448095900,88084
2024-08-05T00:00:00.000Z,60692.7,61078.1,57049.4,58137.1,478070300,73085
2024-08-06T00:00:00.000Z,58137.1,58284,48824.2,54021,2081794400,319715
2024-08-07T00:00:00.000Z,54021,57030,53966.5,56019.9,553464000,92300
2024-08-08T00:00:00.000Z,56019.9,57760.7,54550,55127.9,480342000,110765
2024-08-09T00:00:00.000Z,55127.9,62745.6,54727.6,61684.6,526099500,98997
2024-08-10T00:00:00.000Z,61684.6,61738.2,59484.4,60848,329843400,75418
2024-08-11T00:00:00.000Z,60848,61493.4,60250,60935.6,111435400,31232
2024-08-12T00:00:00.000Z,60935.6,61885,58308,58715.5,225634900,54631
2024-08-13T00:00:00.000Z,58715.5,60693.4,57628.9,59348.9,480340500,102023
2024-08-14T00:00:00.000Z,59348.9,61595,58400,60573.3,342000500,69334
2024-08-15T00:00:00.000Z,60573.3,61861.4,58422.4,58679.9,335762900,64169
2024-08-16T00:00:00.000Z,58679.9,59831.9,55936.6,57501.8,489619100,84454
2024-08-17T00:00:00.000Z,57501.8,59812.4,57057,58890.5,325462600,69583
2024-08-18T00:00:00.000Z,58890.5,59756.3,58819.5,59492.9,105673900,26256
2024-08-19T00:00:00.000Z,59492.9,60279.5,58360.8,58392.4,187922200,43108
2024-08-20T00:00:00.000Z,58392.4,59617,57798.6,59439.9,306090900,57264
2024-08-21T00:00:00.000Z,59439.9,61427.2,58518.5,59015.3,358118400,70222
2024-08-22T00:00:00.000Z,59015.3,61847.2,58766.4,61156.8,358226400,69246
2024-08-23T00:00:00.000Z,61156.8,61417,59695.7,60364.9,366002400,64152
2024-08-24T00:00:00.000Z,60364.9,64987.1,60344.1,64071.3,442642000,82372
2024-08-25T00:00:00.000Z,64071.3,64511,63553,64179.8,190970200,37499
2024-08-26T00:00:00.000Z,64179.8,65072,63772.3,64239.7,163833600,34360
2024-08-27T00:00:00.000Z,64239.7,64495,62780,62819.8,285392500,52275
2024-08-28T00:00:00.000Z,62819.8,63211.2,58034.2,59385.6,481204500,79257
2024-08-29T00:00:00.000Z,59385.6,60190,57850,59000,408427100,107059
2024-08-30T00:00:00.000Z,59000,61165.3,58701.6,59352.9,403593300,99727
2024-08-31T00:00:00.000Z,59352.9,59926.2,57700,59096,353939300,62416
2024-09-01T00:00:00.000Z,59096,59432,58732,58966,86628600,21804
2024-09-02T00:00:00.000Z,58966,59059.9,57148.3,57268.5,283588700,59710
2024-09-03T00:00:00.000Z,57268.5,59415.1,57095,59124.9,243720500,57064
2024-09-04T00:00:00.000Z,59124.9,59820.9,57382.8,57482.1,219425100,50156
2024-09-05T00:00:00.000Z,57482.1,58516.9,55537.8,57952,355110600,70362
2024-09-06T00:00:00.000Z,57952,58304.7,55627.6,56160.4,322735200,54219
2024-09-07T00:00:00.000Z,56160.4,56978.3,52500,53935.5,508030200,115841
2024-09-08T00:00:00.000Z,53935.5,54853.5,53727.7,54135,171948900,38566
2024-09-09T00:00:00.000Z,54135,55299.9,53591.9,54861.1,261400500,48661
2024-09-10T00:00:00.000Z,54861.1,58105.2,54556.5,57037.6,389464700,69651
2024-09-11T00:00:00.000Z,57037.6,58028.600000000006,56358.8,57631.5,293768400,53225
2024-09-12T00:00:00.000Z,57631.5,57963.6,55533.4,57343.2,355326900,75250
2024-09-13T00:00:00.000Z,57343.2,58615.8,57314.7,58125.8,273265500,59057
2024-09-14T00:00:00.000Z,58125.8,60767,57630.2,60542.5,301895500,52867
2024-09-15T00:00:00.000Z,60542.5,60655.2,59415.4,60008.7,121697700,24062
2024-09-16T00:00:00.000Z,60008.7,60400,58700.1,59129.5,165877100,32708
2024-09-17T00:00:00.000Z,59129.5,59196.9,57462.6,58206.7,232506200,52854
2024-09-18T00:00:00.000Z,58206.7,61340,57612.4,60312.8,376512200,82303
2024-09-19T00:00:00.000Z,60312.8,61770,59159.4,61740.4,365414200,87941
2024-09-20T00:00:00.000Z,61740.4,63857.4,61563.2,62945.2,337065400,66312
2024-09-21T00:00:00.000Z,62945.2,64113.8,62330.7,63192,231329400,47410
2024-09-22T00:00:00.000Z,63192,63572.6,62740,63334.7,90895000,21309
2024-09-23T00:00:00.000Z,63334.7,63978.3,62314.3,63576.8,265621400,48685
2024-09-24T00:00:00.000Z,63576.8,64722.5,62478,63313.4,315226000,57994
2024-09-25T00:00:00.000Z,63313.4,64682.9,62669.6,64245,316636000,64296
2024-09-26T00:00:00.000Z,64245,64802.5,62909.1,63125.1,211935200,56778
2024-09-27T00:00:00.000Z,63125.1,65820,62621.3,65154.8,314230800,81197
2024-09-28T00:00:00.000Z,65154.8,66553.8,64798.6,65759.2,279173600,81903
2024-09-29T00:00:00.000Z,65759.2,66238.3,65414.8,65844.6,74389600,28049
2024-09-30T00:00:00.000Z,65844.6,66079.4,65407.5,65584.5,79602900,30101
2024-10-01T00:00:00.000Z,65584.5,65586.6,62768.6,63279,329718800,93305
2024-10-02T00:00:00.000Z,63279,64072.7,60121,60768,467216000,110754
2024-10-03T00:00:00.000Z,60768,62361.5,59884,60617.6,331349300,107998
2024-10-04T00:00:00.000Z,60617.6,61433.2,59810,60730,202933000,91542
2024-10-05T00:00:00.000Z,60730,62447,60430.2,62060.3,278534000,86439
2024-10-06T00:00:00.000Z,62060.3,62349.9,61670.1,62036.5,95586400,33440
2024-10-07T00:00:00.000Z,62036.5,62944.3,61783.3,62784.9,153465000,51432
2024-10-08T00:00:00.000Z,62784.9,64435.2,62085,62177,324313400,120443
2024-10-09T00:00:00.000Z,62177,63161.6,61792.4,62092,210872300,75944
2024-10-10T00:00:00.000Z,62092,62482.4,60196.3,60548.7,245666600,70967
2024-10-11T00:00:00.000Z,60548.7,61229.8,58670.3,60245.8,378453100,93407
2024-10-12T00:00:00.000Z,60245.8,63384.600000000006,60012.3,62491.4,369449400,71873
2024-10-13T00:00:00.000Z,62491.4,63444,62460.3,63173.2,153047000,35315
2024-10-14T00:00:00.000Z,63173.2,63259.2,62006,62822.4,115871400,30932
2024-10-15T00:00:00.000Z,62822.4,66587.1,62400.1,66066.5,399477600,78629
2024-10-16T00:00:00.000Z,66066.5,67979.6,64757.5,67060.8,410656200,86822
2024-10-17T00:00:00.000Z,67060.8,68442.2,66739.1,67588.3,307078300,66382
2024-10-18T00:00:00.000Z,67588.3,67902,66630.7,67372.5,199391500,41558
2024-10-19T00:00:00.000Z,67372.5,69013.2,67151.1,68410.8,256832900,48182
2024-10-20T00:00:00.000Z,68410.8,68670,67987.1,68362.3,71684000,16057
2024-10-21T00:00:00.000Z,68362.3,69388.6,68107.4,69029.4,176278400,25151
2024-10-22T00:00:00.000Z,69029.4,69529.9,66823,67358.9,323751200,54930
2024-10-23T00:00:00.000Z,67358.9,67809.9,66527,67370.8,303154500,64374
2024-10-24T00:00:00.000Z,67370.8,67417.4,65155.8,66607.7,312646200,55006
2024-10-25T00:00:00.000Z,66607.7,68863.1,66453.7,68180,296074600,51558
2024-10-26T00:00:00.000Z,68180,68736.9,65465.6,66568.6,389481400,78685
2024-10-27T00:00:00.000Z,66568.6,67379.9,66336.5,67030,93277200,32271
2024-10-28T00:00:00.000Z,67030,68295.9,66854.4,67972.5,84726200,29800
2024-10-29T00:00:00.000Z,67972.5,70382.7,67543.9,69954.6,349689600,66901
2024-10-30T00:00:00.000Z,69954.6,73661,69740,72761,558660800,96153
2024-10-31T00:00:00.000Z,72761,72975.2,71405.4,72373.3,296112300,69485
2024-11-01T00:00:00.000Z,72373.3,72700,69600,70228.6,414728600,64464
2024-11-02T00:00:00.000Z,70228.6,71607.5,68600,69490,453107400,99474
2024-11-03T00:00:00.000Z,69490,69913.5,68997.2,69352.5,112266600,39761
2024-11-04T00:00:00.000Z,69352.5,69370,67389.6,68735.6,297157400,62782
2024-11-05T00:00:00.000Z,68735.6,69439.9,66758.9,67800.4,295360900,71124
2024-11-06T00:00:00.000Z,67800.4,70500,67398.4,69342.1,362573200,90894
2024-11-07T00:00:00.000Z,69342.1,76521.3,69260,75663.2,1103354400,171860
2024-11-08T00:00:00.000Z,75663.2,76878,74371.9,75877.2,547382100,98504
2024-11-09T00:00:00.000Z,75877.2,77250,75624.2,76525,341836400,71649
2024-11-10T00:00:00.000Z,76525,76950.5,75730,76691.6,194641500,39574
2024-11-11T00:00:00.000Z,76691.6,81742.2,76510.9,80480.1,959720300,135303
2024-11-12T00:00:00.000Z,80480.1,89878,80317.9,88842.1,960397200,137308
2024-11-13T00:00:00.000Z,88842.1,90140,85250,88014.5,1313363700,177552
2024-11-14T00:00:00.000Z,88014.5,93492.9,86290.5,90475.3,1411550200,193086
2024-11-15T00:00:00.000Z,90475.3,91898.90000000001,86705.6,87349.3,895542200,144052
2024-11-16T00:00:00.000Z,87349.3,91926.8,87115.3,91113.5,673291500,125689
2024-11-17T00:00:00.000Z,91113.5,91866.8,90140,90668.6,258549600,57583
2024-11-18T00:00:00.000Z,90668.6,91600.1,88730,89900,432931100,79241
2024-11-19T00:00:00.000Z,89900,92734.7,89409,90556.4,733747900,122861
2024-11-20T00:00:00.000Z,90556.4,94108.2,90470,92436.6,725277300,150481
2024-11-21T00:00:00.000Z,92436.6,94982.5,91582.8,94386.6,654519300,234866
2024-11-22T00:00:00.000Z,94386.6,99133.4,94120.7,98476.3,1106752300,303290
2024-11-23T00:00:00.000Z,98476.3,99762,97241.2,99018.9,581875700,203536
2024-11-24T00:00:00.000Z,99018.9,99030,97253.3,97815.3,300693500,103196
2024-11-25T00:00:00.000Z,97815.3,98743.5,95802.9,98086.7,426896000,127490
2024-11-26T00:00:00.000Z,98086.7,99090,92656,93050,942771700,214290
2024-11-27T00:00:00.000Z,93050,95146.6,90822,92012.3,1224404600,192280
2024-11-28T00:00:00.000Z,92012.3,97387.9,91833.7,95977.2,694410500,160297
2024-11-29T00:00:00.000Z,95977.2,96708.7,94692.3,95762.7,408494200,97800
2024-11-30T00:00:00.000Z,95762.7,98768,95436.9,97604.20000000001,662786900,111352
2024-12-01T00:00:00.000Z,97604.20000000001,97610.5,96152.1,96529.90000000001,284152300,64846
2024-12-02T00:00:00.000Z,96529.90000000001,97960.4,95786.1,97356.8,324162300,61823
2024-12-03T00:00:00.000Z,97356.8,98313.4,94326.6,95907.7,759076600,130638
2024-12-04T00:00:00.000Z,95907.7,96401.8,93619.5,95965.1,554969700,118615
2024-12-05T00:00:00.000Z,95965.1,99313.2,94635.6,98794.5,689442500,153596
2024-12-06T00:00:00.000Z,98794.5,104564.9,90001.4,97037.5,1776882100,296944
2024-12-07T00:00:00.000Z,97037.5,102131.5,96416.4,99910.2,930332000,133914
2024-12-08T00:00:00.000Z,99910.2,100640.5,99085.2,99970,428712000,78503
2024-12-09T00:00:00.000Z,99970,101525.90000000001,98757,101303.4,326728300,59737
2024-12-10T00:00:00.000Z,101303.4,101382.1,94111,97397.6,1241036300,233854
2024-12-11T00:00:00.000Z,97397.6,98370,94284.4,96684.9,1003453600,197862
2024-12-12T00:00:00.000Z,96684.9,102014.3,95747.8,101235.2,752774700,141564
2024-12-13T00:00:00.000Z,101235.2,102660.6,99365.8,100092,1031561300,168360
2024-12-14T00:00:00.000Z,100092,101916.9,99272.8,101453.2,496656300,116208
2024-12-15T00:00:00.000Z,101453.2,102699.9,100643.6,101432,361851200,82589
2024-12-16T00:00:00.000Z,101432,105373.4,101227.9,104528.9,523547200,96490
2024-12-17T00:00:00.000Z,104528.9,107873.3,103324.5,106162.3,836042400,121680
2024-12-18T00:00:00.000Z,106162.3,108469.9,105246,106175.1,713434900,132908
2024-12-19T00:00:00.000Z,106175.1,106519.9,99743.5,100040.6,1440169000,242647
2024-12-20T00:00:00.000Z,100040.6,102712.1,95573.6,97352,1741141700,245543
2024-12-21T00:00:00.000Z,97352,98159.2,92158.8,97719.5,1155555200,193645
2024-12-22T00:00:00.000Z,97719.5,99436.2,96362.8,97218.5,416700900,90125
2024-12-23T00:00:00.000Z,97218.5,97376.1,94079.7,95054.7,540600100,105336
2024-12-24T00:00:00.000Z,95054.7,96425.5,92311.7,94739.8,587059100,108860
2024-12-25T00:00:00.000Z,94739.8,99342.6,93357.8,98545,651776600,113020
2024-12-26T00:00:00.000Z,98545,99551.8,97529.30000000002,99342.7,367410600,77098
2024-12-27T00:00:00.000Z,99342.7,99883.4,95080.1,95650.6,587678800,98895
2024-12-28T00:00:00.000Z,95650.6,97400,93295,94148.7,545038600,85444
2024-12-29T00:00:00.000Z,94148.7,95541.1,93989,95130.1,213604000,42222
2024-12-30T00:00:00.000Z,95130.1,95163,92839.4,93536.1,222551500,49238
2024-12-31T00:00:00.000Z,93536.1,94940.1,91268.3,92632.6,586068300,116765
2025-01-01T00:00:00.000Z,92632.6,96180,91864.4,93400,389397700,75984
2025-01-02T00:00:00.000Z,93400,95023.2,92700,94440.7,230644300,45854
2025-01-03T00:00:00.000Z,94440.7,97795.3,94250,96928.9,470241400,73401
2025-01-04T00:00:00.000Z,96928.9,98941.5,96024.9,98129.9,383685000,60639
2025-01-05T00:00:00.000Z,98129.9,98829.8,97521,98201.70000000001,182224000,35535
2025-01-06T00:00:00.000Z,98201.70000000001,98660.1,97225.1,98331.3,213391800,31178
2025-01-07T00:00:00.000Z,98331.3,102497.8,97900,102285.5,586667600,75640
2025-01-08T00:00:00.000Z,102285.5,102830.1,96079.1,96951.6,735517100,104205
2025-01-09T00:00:00.000Z,96951.6,97252.4,92425.6,95021.5,715979600,113222
2025-01-10T00:00:00.000Z,95021.5,95319,91157.5,92474.7,667941900,94175
2025-01-11T00:00:00.000Z,92474.7,95824,92193.30000000002,94668,681629000,108665
2025-01-12T00:00:00.000Z,94668,94979.9,93772.6,94541.8,228731800,32949
2025-01-13T00:00:00.000Z,94541.8,95380,93620.3,94430,214112600,36524
2025-01-14T00:00:00.000Z,94430,95880.3,89111,94439.9,1021389000,132968
2025-01-15T00:00:00.000Z,94439.9,97329.2,94264.1,96472.8,469932600,86331
2025-01-16T00:00:00.000Z,96472.8,100665,96413.6,100478.3,495480500,68722
2025-01-17T00:00:00.000Z,100478.3,100840,97275.9,99940,619591600,90284
2025-01-18T00:00:00.000Z,99940,105857,99912.3,104096.1,649891000,97762
2025-01-19T00:00:00.000Z,104096.1,104941.7,102225.1,104458.5,525282000,85458
2025-01-20T00:00:00.000Z,104458.5,106391.9,99612.4,101250,756396000,124923
2025-01-21T00:00:00.000Z,101250,109803.9,99444,102232.7,1551284800,239813
2025-01-22T00:00:00.000Z,102232.7,107240,100030.4,106162.7,703323300,130975
2025-01-23T00:00:00.000Z,106162.7,106422.3,103267.5,103630,355488000,70848
2025-01-24T00:00:00.000Z,103630,106846.7,101102.1,103899.6,1127671900,212071
2025-01-25T00:00:00.000Z,103899.6,107120,102706.1,104841.7,419742100,81573
2025-01-26T00:00:00.000Z,104841.7,105250,104078.6,104668.9,242758600,43678
2025-01-27T00:00:00.000Z,104668.9,105482,102447.4,102550,260800700,46439
2025-01-28T00:00:00.000Z,102550,103254.3,97650.3,102020,835658800,134062
2025-01-29T00:00:00.000Z,102020,103811.5,100160,101250,415152400,105370
2025-01-30T00:00:00.000Z,101250,104749.8,101240.1,103715.9,369211800,98923
2025-01-31T00:00:00.000Z,103715.9,106458.3,103241.2,104670.1,402722100,102264
2025-02-01T00:00:00.000Z,104670.1,105988,101460,102349.9,401282400,103522
2025-02-02T00:00:00.000Z,102349.9,102699.9,100205.8,100570.2,266828300,63114
2025-02-03T00:00:00.000Z,100570.2,101395.3,96140.2,97649.5,660580000,145701
2025-02-04T00:00:00.000Z,97649.5,102450,90972.6,101329.2,1468824800,233449
2025-02-05T00:00:00.000Z,101329.2,101774.4,96108,97740,800835100,180484
2025-02-06T00:00:00.000Z,97740,99168.4,96110,96587.6,346505400,116433
2025-02-07T00:00:00.000Z,96587.6,99124,95616.30000000002,96490.5,430374100,91479
2025-02-08T00:00:00.000Z,96490.5,100156.1,95600,96475.5,466636000,106571
2025-02-09T00:00:00.000Z,96475.5,96846,95626.3,96403.8,155494900,40056
2025-02-10T00:00:00.000Z,96403.8,97299.9,94675,96446.6,242065600,50983
2025-02-11T00:00:00.000Z,96446.6,98316,95215,97439.3,330980600,68637
2025-02-12T00:00:00.000Z,97439.3,98480.1,94789.8,95732.8,380784700,73008
2025-02-13T00:00:00.000Z,95732.8,98098.3,93993.1,97842.6,461926800,102193
2025-02-14T00:00:00.000Z,97842.6,98068.3,95183.9,96590,324638800,62214
2025-02-15T00:00:00.000Z,96590,98879.8,96232.5,97470.2,411890300,83861
2025-02-16T00:00:00.000Z,97470.2,97949.9,97187.8,97568.8,128299800,34265
2025-02-17T00:00:00.000Z,97568.8,97693.1,96010,96073.9,161816200,36344
2025-02-18T00:00:00.000Z,96073.9,97030.1,95150,95760.1,293209300,54518
2025-02-19T00:00:00.000Z,95760.1,96700,93298.20000000001,95565,466017800,90673
2025-02-20T00:00:00.000Z,95565,96850,94970.3,96605.8,371853200,84111
2025-02-21T00:00:00.000Z,96605.8,98731.1,96373.3,98288,356103700,67099
2025-02-22T00:00:00.000Z,98288,99480,94773.4,96132.6,512976600,104566
2025-02-23T00:00:00.000Z,96132.6,96981,95741.6,96525.4,177239800,40016
2025-02-24T00:00:00.000Z,96525.4,96624.2,95245.8,96259.1,108723300,31654
2025-02-25T00:00:00.000Z,96259.1,96518.2,91300.2,91518.7,517471300,94964
2025-02-26T00:00:00.000Z,91518.7,92480.5,85948.2,88545.7,979738900,149203
2025-02-27T00:00:00.000Z,88545.7,89259.9,82100,84075.6,828159800,132422
2025-02-28T00:00:00.000Z,84075.6,86948.6,82634.3,84620.4,579801700,101911
2025-03-01T00:00:00.000Z,84620.4,85077.1,78184.1,84270.4,1067925300,167873
2025-03-02T00:00:00.000Z,84270.4,86449.6,83756.4,85971.1,334667600,67953
2025-03-03T00:00:00.000Z,85971.1,95000,84988.6,94240.8,769748500,129521
2025-03-04T00:00:00.000Z,94240.8,94388.9,84978,86145.2,950646900,151818
2025-03-05T00:00:00.000Z,86145.2,88938.6,81406,87215.1,699475100,102328
2025-03-06T00:00:00.000Z,87215.1,90988,86284.5,90562.2,413666300,72192
2025-03-07T00:00:00.000Z,90562.2,92771.7,87833,89908,488480000,88842
2025-03-08T00:00:00.000Z,89908,91290,84561,86723.2,872998900,136354
2025-03-09T00:00:00.000Z,86723.2,86844.1,85135.8,86198.1,129468500,33896
2025-03-10T00:00:00.000Z,86198.1,86472.2,79956,80687.8,347459200,69116
2025-03-11T00:00:00.000Z,80687.8,84034.1,77316.2,78530.3,637594000,123285
2025-03-12T00:00:00.000Z,78530.3,83600,76541.5,82880.4,624753600,134551
2025-03-13T00:00:00.000Z,82880.4,84479.9,80565.1,83610,476487500,100046
2025-03-14T00:00:00.000Z,83610,84279.8,79886.1,81053.1,348477100,76098
2025-03-15T00:00:00.000Z,81053.1,85282.1,80755.8,83940.1,279925200,64672
2025-03-16T00:00:00.000Z,83940.1,84633.5,83571.7,84307,143282300,39030
2025-03-17T00:00:00.000Z,84307,85080,81914.1,82531.5,260903400,61692
2025-03-18T00:00:00.000Z,82531.5,84723,82400,83967.3,208476700,61584
2025-03-19T00:00:00.000Z,83967.3,83991.5,81070.1,82658.6,277469800,55065
2025-03-20T00:00:00.000Z,82658.6,87044.7,82501.6,86840,316215200,88812
2025-03-21T00:00:00.000Z,86840,87426.4,83569.6,84148.3,312935600,87432
2025-03-22T00:00:00.000Z,84148.3,84749.8,83081.6,84010.4,197419200,68983
2025-03-23T00:00:00.000Z,84010.4,84471.2,83611,83799.1,77638100,24901
2025-03-24T00:00:00.000Z,83799.1,86109.6,83761.7,86055.3,141342200,36817
2025-03-25T00:00:00.000Z,86055.3,88729.6,85480,87472,327873500,68207
2025-03-26T00:00:00.000Z,87472,88529.6,86297.8,87385.6,319239900,67149
2025-03-27T00:00:00.000Z,87385.6,88280.8,85795.4,86899.2,282361400,72714
2025-03-28T00:00:00.000Z,86899.2,87730,85696.5,87170.4,285422600,82813
2025-03-29T00:00:00.000Z,87170.4,87442.6,83482.8,84340,432118000,97259
2025-03-30T00:00:00.000Z,84340,84537.1,81575.5,82588.8,248314200,118309
2025-03-31T00:00:00.000Z,82588.8,83460,81490,82332.9,311739200,118322
2025-04-01T00:00:00.000Z,82332.9,83869,81211.9,82508.1,408833400,136201
2025-04-02T00:00:00.000Z,82508.1,85534.4,82387.9,85125.3,356424900,83212
2025-04-03T00:00:00.000Z,85125.3,88573.1,82242.3,82480,665906500,138622
2025-04-04T00:00:00.000Z,82480,83879.9,81153.4,83130,360393000,83988
2025-04-05T00:00:00.000Z,83130,84670,81600.1,83809.9,588037600,131160
2025-04-06T00:00:00.000Z,83809.9,84169.8,82327.40000000001,83442.5,197518500,59873
2025-04-07T00:00:00.000Z,83442.5,83718.4,77037.1,78324.5,543577100,136558
2025-04-08T00:00:00.000Z,78324.5,81139.9,74377,79089.1,1362210400,291012
2025-04-09T00:00:00.000Z,79089.1,80778.3,76147.9,76229.6,463289300,114888
2025-04-10T00:00:00.000Z,76229.6,83500,74511.6,82545.9,863311800,228602
2025-04-11T00:00:00.000Z,82545.9,82684.6,78398.5,79504.1,465095400,127360
2025-04-12T00:00:00.000Z,79504.1,84260.1,78820.5,83356.2,521388900,130352
2025-04-13T00:00:00.000Z,83356.2,85855.9,82719,85200,253192300,67798
2025-04-14T00:00:00.000Z,85200,86106.6,82935.6,83689.7,385490500,87535
2025-04-15T00:00:00.000Z,83689.7,85751.9,83609.5,84527,419371800,109048
2025-04-16T00:00:00.000Z,84527,86436.1,83555,83600.1,370414700,82297
2025-04-17T00:00:00.000Z,83600.1,85539.6,83058.2,84000,343805400,82230
2025-04-18T00:00:00.000Z,84000,85415.3,83682.5,84902.2,247177900,61562
2025-04-19T00:00:00.000Z,84902.2,85093.3,84238.6,84399.1,117699700,27083
2025-04-20T00:00:00.000Z,84399.1,85608,84309.6,85045.7,181437700,41665
2025-04-21T00:00:00.000Z,85045.7,85275.9,83874.3,85147.5,191324600,44389
2025-04-22T00:00:00.000Z,85147.5,88438.4,85101.5,87470,513777100,109309
2025-04-23T00:00:00.000Z,87470,94043,87032,93445.8,596493000,118060
2025-04-24T00:00:00.000Z,93445.8,94714.7,91947,93661.5,501815000,104277
2025-04-25T00:00:00.000Z,93661.5,94000,91640.6,93986.4,354514600,84822
2025-04-26T00:00:00.000Z,93986.4,95800,92813.3,94640.5,428848500,92442
2025-04-27T00:00:00.000Z,94640.5,95209.6,93872.3,94592.3,171266800,38597
2025-04-28T00:00:00.000Z,94592.3,95292.6,93568.3,93722.8,237411700,43606
2025-04-29T00:00:00.000Z,93722.8,95651.9,92775.3,94970.1,407027100,80693
2025-04-30T00:00:00.000Z,94970.1,95671,93700,94223.2,343017700,64883
2025-05-01T00:00:00.000Z,94223.2,95207.70000000001,92860.1,94135.8,287033500,54511
2025-05-02T00:00:00.000Z,94135.8,97442,94100.3,96488.40000000001,399008700,59836
2025-05-03T00:00:00.000Z,96488.40000000001,97894,96328.4,96871.3,348894000,59213
2025-05-04T00:00:00.000Z,96871.3,96900.6,95714.1,95831.5,175376700,30505
2025-05-05T00:00:00.000Z,95831.5,96288.8,94126.6,94237,273096600,50564
2025-05-06T00:00:00.000Z,94237,95185.4,93486.8,94708.7,356738900,70561
2025-05-07T00:00:00.000Z,94708.7,96880,93299.7,96810.3,382727300,70210
2025-05-08T00:00:00.000Z,96810.3,97707.6,95772,97022.5,388098900,64228
2025-05-09T00:00:00.000Z,97022.5,104250,96866.6,103240,615141400,96675
2025-05-10T00:00:00.000Z,103240,104326.3,102300.4,102928.2,429601200,76618
2025-05-11T00:00:00.000Z,102928.2,104979.4,102780.4,104784.1,281778500,51911
2025-05-12T00:00:00.000Z,104784.1,104939.90000000001,103325,104117.7,275165200,57895
2025-05-13T00:00:00.000Z,104117.7,105829.3,100707.9,102755.5,585201400,111151
2025-05-14T00:00:00.000Z,102755.5,104967.3,101400,104119.9,384284500,77290
2025-05-15T00:00:00.000Z,104119.9,104319.7,102555,103462.1,317175400,57520
2025-05-16T00:00:00.000Z,103462.1,104187.4,101355,103731.9,459471300,76263
2025-05-17T00:00:00.000Z,103731.9,104601.9,103065.1,103439.5,285512100,49707
2025-05-18T00:00:00.000Z,103439.5,103673.1,102547.4,103100,207239700,44212
2025-05-19T00:00:00.000Z,103100,106686.2,103073.8,106466.6,454929400,85357
2025-05-20T00:00:00.000Z,106466.6,107150.3,101982.6,105578,565857400,102881
2025-05-21T00:00:00.000Z,105578,107300,104138.4,106830,558433300,96681
2025-05-22T00:00:00.000Z,106830,110773.6,106070.1,109673.2,923284700,143499
2025-05-23T00:00:00.000Z,109673.2,111999.9,109200,111667.4,495115100,73374
2025-05-24T00:00:00.000Z,111667.4,111777,106745.4,107282.9,562341400,101122
2025-05-25T00:00:00.000Z,107282.9,109435.6,106835.2,107751.70000000001,275726500,54621
2025-05-26T00:00:00.000Z,107751.70000000001,109300.4,106555,108966.9,318598400,58348
2025-05-27T00:00:00.000Z,108966.9,110442.3,108650,109435.3,333242100,64937
2025-05-28T00:00:00.000Z,109435.3,110750,107489.5,108912.5,483226000,83823
2025-05-29T00:00:00.000Z,108912.5,109250,106722.7,107740.8,368411700,71145
2025-05-30T00:00:00.000Z,107740.8,108919.1,105247.7,105510.1,517214500,91018
2025-05-31T00:00:00.000Z,105510.1,106253.90000000001,103585,103973.6,497949600,92287
2025-06-01T00:00:00.000Z,103973.6,104905.9,103060.2,104607.1,244719800,46449
2025-06-02T00:00:00.000Z,104607.1,105857.8,103745.4,105640.1,236706400,44528
2025-06-03T00:00:00.000Z,105640.1,105934,103632.9,105833.6,329319400,70260
2025-06-04T00:00:00.000Z,105833.6,106833.8,104860.1,105369.9,310297900,68518
2025-06-05T00:00:00.000Z,105369.9,106000.8,104143.6,104690.6,239055100,52434
2025-06-06T00:00:00.000Z,104690.6,105929.4,100325.7,101516.20000000001,587284500,97056
2025-06-07T00:00:00.000Z,101516.20000000001,105372.5,101056.2,104330.1,365077100,68905
2025-06-08T00:00:00.000Z,104330.1,105940,103910.4,105570,203125500,33263
2025-06-09T00:00:00.000Z,105570,106474,105000,105739.3,162843800,27784
2025-06-10T00:00:00.000Z,105739.3,110640,105315.3,110248.2,378118100,61919
2025-06-11T00:00:00.000Z,110248.2,110368.7,108292,110218.7,318820300,55346
2025-06-12T00:00:00.000Z,110218.7,110372.2,108026.8,108642.9,339310900,51792
2025-06-13T00:00:00.000Z,108642.9,108800,105641.4,105658.6,398813100,62818
2025-06-14T00:00:00.000Z,105658.6,106175,102718.9,106071.5,526977900,87199
2025-06-15T00:00:00.000Z,106071.5,106188,104300,105399.5,186226800,30722
2025-06-16T00:00:00.000Z,105399.5,106111.5,104444,105565.7,201626100,33968
2025-06-17T00:00:00.000Z,105565.7,108950.5,104949.7,106799.7,382992300,61163
2025-06-18T00:00:00.000Z,106799.7,107725.5,103304,104515,532089500,77115
2025-06-19T00:00:00.000Z,104515,105509.5,103473.3,104868.6,348617400,63191
2025-06-20T00:00:00.000Z,104868.6,105209.9,103916.3,104616.4,205147700,35258
2025-06-21T00:00:00.000Z,104616.4,106507.9,102300.6,103225.5,517460500,66624
2025-06-22T00:00:00.000Z,103225.5,103978.4,100861.1,102097.8,271319800,54925
2025-06-23T00:00:00.000Z,102097.8,103358.3,98198.6,100952.1,672067100,136892
2025-06-24T00:00:00.000Z,100952.1,106071.4,99670.8,105366.8,1016555800,133026
2025-06-25T00:00:00.000Z,105366.8,106291.7,104661,106032.4,353488200,57411
2025-06-26T00:00:00.000Z,106032.4,108122.7,105819.5,107320,391407900,59693
2025-06-27T00:00:00.000Z,107320,108259.7,106518.1,106960,314848700,49244
2025-06-28T00:00:00.000Z,106960,107738.3,106206.3,107045.8,329470100,50129
2025-06-29T00:00:00.000Z,107045.8,107562.1,106833.1,107303.9,85046400,14803
2025-06-30T00:00:00.000Z,107303.9,108520,107170.3,108310,291656900,34708
2025-07-01T00:00:00.000Z,108310,108804.6,106694,107099.4,361464700,51796
2025-07-02T00:00:00.000Z,107099.4,107505.3,105214.2,105680.9,355654900,56540
2025-07-03T00:00:00.000Z,105680.9,109798.8,105084.1,108840,522651600,70423
2025-07-04T00:00:00.000Z,108840,110588,108512.6,109605.2,358941100,57048
2025-07-05T00:00:00.000Z,109605.2,109780,107115.2,107978.5,334297700,49049
2025-07-06T00:00:00.000Z,107978.5,108428.9,107740,108184.8,114096400,17900
2025-07-07T00:00:00.000Z,108184.8,109726.5,107780,109207.6,210065600,34605
2025-07-08T00:00:00.000Z,109207.6,109900.7,107480.4,108216.5,269068500,44836
2025-07-09T00:00:00.000Z,108216.5,109502.1,107248.9,108912.6,339365800,44926
2025-07-10T00:00:00.000Z,108912.6,112064.1,108311,111301.8,575601600,65488
2025-07-11T00:00:00.000Z,111301.8,117614,110555,115982.9,575157300,61499
2025-07-12T00:00:00.000Z,115982.9,118981.8,115200,117563.40000000001,514895300,64041
2025-07-13T00:00:00.000Z,117563.40000000001,118238.3,116970.1,117493.1,244221400,25959
2025-07-14T00:00:00.000Z,117493.1,119571,117285.2,119196.2,370129300,46082
2025-07-15T00:00:00.000Z,119196.2,123858.7,119006.1,119930,761622600,79738
2025-07-16T00:00:00.000Z,119930,120030,115750,117807.1,687961600,86240
2025-07-17T00:00:00.000Z,117807.1,120205.40000000001,117059,118790,485189000,59943
2025-07-18T00:00:00.000Z,118790,121111,117540,119349.2,475379100,73961
2025-07-19T00:00:00.000Z,119349.2,120979.2,116901.6,118021.70000000001,468040200,63927
2025-07-20T00:00:00.000Z,118021.70000000001,118580,117332.7,117940,164033500,37467
2025-07-21T00:00:00.000Z,117940,118960,116558.5,117358.6,274314900,60879
2025-07-22T00:00:00.000Z,117358.6,119786.3,116622.1,117474.4,435938000,75669
2025-07-23T00:00:00.000Z,117474.4,120447.5,116197.1,120159.5,645361700,87837
2025-07-24T00:00:00.000Z,120159.5,120285.1,117415.7,118852.3,472970200,67067
2025-07-25T00:00:00.000Z,118852.3,119632.6,117271.1,118480,481143500,61431
2025-07-26T00:00:00.000Z,118480,118620,114763.4,117650.6,742969200,109406
2025-07-27T00:00:00.000Z,117650.6,118421.90000000001,117165.2,117987.4,218304400,41043
2025-07-28T00:00:00.000Z,117987.4,119889,117873.1,119540,259821300,41872
2025-07-29T00:00:00.000Z,119540,119889,117500,118168,300851300,53767
2025-07-30T00:00:00.000Z,118168,119366.1,117001,117936,349421900,58293
2025-07-31T00:00:00.000Z,117936,118917.9,115620,117811.2,547423600,68782
2025-08-01T00:00:00.000Z,117811.2,118986,115434,115732.2,467331700,60984
2025-08-02T00:00:00.000Z,115732.2,115984.2,112596.5,113171.5,645943600,91986
2025-08-03T00:00:00.000Z,113171.5,113988.6,111920.3,112478.4,392746300,56687
2025-08-04T00:00:00.000Z,112478.4,114835.9,111832.9,114182.5,229400000,40611
2025-08-05T00:00:00.000Z,114182.5,115728.9,114062,115000.6,290561600,51908
2025-08-06T00:00:00.000Z,115000.6,115062.4,112608.9,114092.6,330188900,60450
2025-08-07T00:00:00.000Z,114092.6,115709.6,113321.4,115010,335928800,55985
2025-08-08T00:00:00.000Z,115010,117680,114255.3,117525.7,367639400,65148
2025-08-09T00:00:00.000Z,117525.7,117680.6,115910,116677,252015100,53121
2025-08-10T00:00:00.000Z,116677,117919.5,116340.1,116500,249614500,42672
2025-08-11T00:00:00.000Z,116500,119382.4,116480,119356.3,415991900,62606
2025-08-12T00:00:00.000Z,119356.3,122372.3,118130.1,118788.2,740400600,96049
2025-08-13T00:00:00.000Z,118788.2,120317.5,118214.5,120104.1,479848600,65874
2025-08-14T00:00:00.000Z,120104.1,123794.5,118932.8,123400,577490100,82537
2025-08-15T00:00:00.000Z,123400,124615.4,117238.9,118409.8,798744600,110742
2025-08-16T00:00:00.000Z,118409.8,119343.2,116856.9,117410,554044900,69761
2025-08-17T00:00:00.000Z,117410,117947.1,117161,117383,240491200,44914
2025-08-18T00:00:00.000Z,117383,118566.20000000001,117178,117459,268375800,65286
2025-08-19T00:00:00.000Z,117459,117608,114642.2,116216.3,648107500,87196
2025-08-20T00:00:00.000Z,116216.3,116757.3,112665.7,112829,476238000,100403
2025-08-21T00:00:00.000Z,112829,114578.5,112328.3,114232,485380400,78368
2025-08-22T00:00:00.000Z,114232,114783.7,111942,112450,457883100,84008
2025-08-23T00:00:00.000Z,112450,117393.2,111636,116882,630336500,97894
2025-08-24T00:00:00.000Z,116882,116965.3,114545.6,115389,183986200,27884
2025-08-25T00:00:00.000Z,115389,115661.1,110562.3,113477,429155200,77838
2025-08-26T00:00:00.000Z,113477,113649.7,109237.6,110125.1,649106200,108797
2025-08-27T00:00:00.000Z,110125.1,112398.5,108641.9,111793.9,578916500,97524
2025-08-28T00:00:00.000Z,111793.9,112723.2,110380.1,111259.3,380082500,75666
2025-08-29T00:00:00.000Z,111259.3,113499.9,110850.1,112540,268258200,57193
2025-08-30T00:00:00.000Z,112540,112625.2,107422.1,108360.8,505611500,99397
2025-08-31T00:00:00.000Z,108360.8,108924.5,107300,108785.3,149000000,43401
2025-09-01T00:00:00.000Z,108785.3,109469.2,108021.3,108217.9,177608900,51564
2025-09-02T00:00:00.000Z,108217.9,109876.6,107228.8,109179,380367500,94354
2025-09-03T00:00:00.000Z,109179,111778.4,108350.4,111204,516119900,100480
2025-09-04T00:00:00.000Z,111204,112584.9,110512.1,111709.8,288513200,86196
2025-09-05T00:00:00.000Z,111709.8,112180,109305.9,110690.8,306950900,83286
2025-09-06T00:00:00.000Z,110690.8,113369,110182.8,110661,476712700,128432
2025-09-07T00:00:00.000Z,110661,111279,109942.2,110190,147573500,43343
2025-09-08T00:00:00.000Z,110190,111579,110166.6,111100,173911100,59451
2025-09-09T00:00:00.000Z,111100,112889.8,110566.6,112014,350346700,87985
2025-09-10T00:00:00.000Z,112014,113265.8,110724.3,111497.1,426533400,83744
2025-09-11T00:00:00.000Z,111497.1,114327.6,110900.1,113924,556989300,111809
2025-09-12T00:00:00.000Z,113924,115493,113400,115486.9,369418700,89073
2025-09-13T00:00:00.000Z,115486.9,116725.2,114700.2,116072,380213500,72113
2025-09-14T00:00:00.000Z,116072,116316,115122.7,115942,189337400,62665
2025-09-15T00:00:00.000Z,115942,116179.8,115123.4,115270,223839400,73567
2025-09-16T00:00:00.000Z,115270,116768,114394.20000000001,115334,592462900,125102
2025-09-17T00:00:00.000Z,115334,116950,114706.5,116783,436374500,110137
2025-09-18T00:00:00.000Z,116783,117503.8,114692.6,116467.8,660688000,152795
2025-09-19T00:00:00.000Z,116467.8,117951.9,116120.1,117086,441669200,123345
2025-09-20T00:00:00.000Z,117086,117457,115135.6,115652,325374800,75383
2025-09-21T00:00:00.000Z,115652,116166,115420,115701,153107900,47347
2025-09-22T00:00:00.000Z,115701,115837,115196.7,115271,169545000,54227
2025-09-23T00:00:00.000Z,115271,115406,111756.20000000001,112680,623063900,182369
2025-09-24T00:00:00.000Z,112680,113345.7,111478.6,111977.9,455617500,126248
2025-09-25T00:00:00.000Z,111977.9,113947.9,111067.1,113320,403063400,126534
2025-09-26T00:00:00.000Z,113320,113535.4,108623.9,109019,764127300,169305
2025-09-27T00:00:00.000Z,109019,110299,108648,109655,525208700,87678
2025-09-28T00:00:00.000Z,109655,109763.5,109100,109631,106547800,31779
2025-09-29T00:00:00.000Z,109631,112344.7,109206.1,112152,220877300,49632
2025-09-30T00:00:00.000Z,112152,114420.3,111550.3,114328,415674600,134844
2025-10-01T00:00:00.000Z,114328,114828.6,112700,114001.1,376846100,101211
2025-10-02T00:00:00.000Z,114001.1,118686.2,113924.3,118619,543995300,129324
2025-10-03T00:00:00.000Z,118619,121068.2,118260.7,120552,561658700,103578
2025-10-04T00:00:00.000Z,120552,123933.1,119292.6,122264,499556200,98330
2025-10-05T00:00:00.000Z,122264,122862.2,121555.5,122434,241646900,76929
2025-10-06T00:00:00.000Z,122434,125824.5,122159.8,123522,593118700,97787
2025-10-07T00:00:00.000Z,123522,126197.9,123130.8,124699.7,532312700,141586
2025-10-08T00:00:00.000Z,124699.7,125200,120621.5,121368,658964800,186844
2025-10-09T00:00:00.000Z,121368,124236,121066.4,123283,405618600,153397
2025-10-10T00:00:00.000Z,123283,123761.6,119659.9,121669,584622700,172813
2025-10-11T00:00:00.000Z,121669,122555.1,102031.6,113013,1866265100,395141
2025-10-12T00:00:00.000Z,113013,113428.5,109666,110748,617632600,254486
2025-10-13T00:00:00.000Z,110748,115815.4,109613.3,115008,661337900,255921
2025-10-14T00:00:00.000Z,115008,116042.4,113650.1,115210,441551700,193801
2025-10-15T00:00:00.000Z,115210,115456.1,109882.9,113010.1,582361500,216079
2025-10-16T00:00:00.000Z,113010.1,113623.2,110151.4,110761,353923000,136827
2025-10-17T00:00:00.000Z,110761,111992.6,107449.2,108202.1,567878300,203704
2025-10-18T00:00:00.000Z,108202.1,109241.6,103442.8,106430,525612400,168895
2025-10-19T00:00:00.000Z,106430,107510,106316.1,107176,186785200,73909
2025-10-20T00:00:00.000Z,107176,109440,106079.5,108627,307658500,120981
2025-10-21T00:00:00.000Z,108627,111686.2,107401.2,110499,470476700,141729
2025-10-22T00:00:00.000Z,110499,114000,107479.2,108329,787683000,266555
2025-10-23T00:00:00.000Z,108329,109150,106660.8,107557,548021000,261015
2025-10-24T00:00:00.000Z,107557,111284.8,107481,110038.5,358061500,178548
2025-10-25T00:00:00.000Z,110038.5,112303.2,109662.4,110978,348776300,163902
2025-10-26T00:00:00.000Z,110978,111919,110634.7,111625.1,173465300,90781
2025-10-27T00:00:00.000Z,111625.1,115534.4,111216.1,114500,390132600,145892
2025-10-28T00:00:00.000Z,114500,116369.5,113808.1,114063,416333900,172002
2025-10-29T00:00:00.000Z,114063,116046.5,112154.7,112833.2,477706600,167856
2025-10-30T00:00:00.000Z,112833.2,113628.9,109150,109999,516030800,162356
2025-10-31T00:00:00.000Z,109999,111641.2,106258.5,108270.2,509028900,137419
2025-11-01T00:00:00.000Z,108270.2,111084.4,108224.2,109524.6,340675900,88904
2025-11-02T00:00:00.000Z,109524.6,110498.7,109311.3,110040,153053100,33655
2025-11-03T00:00:00.000Z,110040,111220,109395.5,110507.6,213461800,47419
2025-11-04T00:00:00.000Z,110507.6,110732.1,105229.7,106527.9,530761700,124137
2025-11-05T00:00:00.000Z,106527.9,107250,98852.1,101425.1,702289300,160928
2025-11-06T00:00:00.000Z,101425.1,104479.3,98900.1,103839.7,398784500,93145
2025-11-07T00:00:00.000Z,103839.7,104156.9,100200.1,101231.90000000001,369000800,82284
2025-11-08T00:00:00.000Z,101231.90000000001,104004.6,99102.3,103262.4,359513200,85255
2025-11-09T00:00:00.000Z,103262.4,103319.8,101403.2,102259.9,215963400,50003
2025-11-10T00:00:00.000Z,102259.9,105442.5,101332,104656.9,302293300,54608
2025-11-11T00:00:00.000Z,104656.9,106610,104200,105941.4,388525800,74600
2025-11-12T00:00:00.000Z,105941.4,107449,102415,102993.3,434489300,84857
2025-11-13T00:00:00.000Z,102993.3,105274.90000000001,100750,101585.9,364274600,70880
2025-11-14T00:00:00.000Z,101585.9,104030.8,97889.5,99579.7,683920700,121728
2025-11-15T00:00:00.000Z,99579.7,99800,93888,94470.1,707282000,139421
2025-11-16T00:00:00.000Z,94470.1,96715,94432.3,95509.9,263697000,55156
2025-11-17T00:00:00.000Z,95509.9,96534.8,92856.3,94164.9,421827600,78350
2025-11-18T00:00:00.000Z,94164.9,95943.40000000001,91189.9,92075.9,689019200,105229
2025-11-19T00:00:00.000Z,92075.9,93735.4,89164.2,92861.9,630130000,109961
2025-11-20T00:00:00.000Z,92861.9,92917.5,88500.1,91429,606913100,112041
2025-11-21T00:00:00.000Z,91429,93060.3,85942.5,86503.7,546370600,100160
2025-11-22T00:00:00.000Z,86503.7,87350,80505.2,85029.3,892744100,155655
2025-11-23T00:00:00.000Z,85029.3,85530.2,83418,84657.7,242903300,66164
2025-11-24T00:00:00.000Z,84657.7,88072.2,84584.8,86778.7,348684600,88818
2025-11-25T00:00:00.000Z,86778.7,89142.70000000001,85182.2,88228.6,421618800,105443